country,year,child_mortality,children_per_woman,life_expectancy,continent,pop,gdpPercap
Afghanistan,1952,407,7.55,43.1,Asia,8425333,779.4453145
Afghanistan,1957,376,7.49,44.3,Asia,9240934,820.8530296
Afghanistan,1962,345,7.45,45.5,Asia,10267083,853.10071
Afghanistan,1967,319,7.45,46.5,Asia,11537966,836.1971382
Afghanistan,1972,292,7.45,47.3,Asia,13079460,739.9811058
Afghanistan,1977,263,7.45,47.9,Asia,14880372,786.11336
Afghanistan,1982,231,7.45,44.1,Asia,12881816,978.0114388
Afghanistan,1987,198,7.46,45.9,Asia,13867957,852.3959448
Afghanistan,1992,167,7.5,54.2,Asia,16317921,649.3413952
Afghanistan,1997,142,7.64,54.5,Asia,22227415,635.341351
Afghanistan,2002,121,7.27,55.5,Asia,25268405,726.7340548
Afghanistan,2007,100,6.46,58.5,Asia,31889923,974.5803384
Angola,1952,329,7.15,45.6,Africa,4232095,3520.610273
Angola,1957,317,7.31,45.8,Africa,4561361,3827.940465
Angola,1962,302,7.56,45,Africa,4826015,4269.276742
Angola,1967,283,7.61,46,Africa,5247469,5522.776375
Angola,1972,263,7.61,47,Africa,5894858,5473.288005
Angola,1977,246,7.59,47.7,Africa,6162675,3008.647355
Angola,1982,232,7.44,48.2,Africa,7016384,2756.953672
Angola,1987,224,7.35,48.6,Africa,7874230,2430.208311
Angola,1992,224,7.13,50.3,Africa,8735988,2627.845685
Angola,1997,219,6.79,51.6,Africa,9875024,2277.140884
Angola,2002,193,6.57,54.5,Africa,10866106,2773.287312
Angola,2007,148,6.37,58,Africa,12420476,4797.231267
Albania,1952,258,6.13,54.5,Europe,1282697,1601.056136
Albania,1957,211,6.53,59.3,Europe,1476505,1942.284244
Albania,1962,173,6.28,63.3,Europe,1728137,2312.888958
Albania,1967,142,5.39,66.1,Europe,1984060,2760.196931
Albania,1972,116,4.64,68.8,Europe,2263554,3313.422188
Albania,1977,97.4,3.97,71.1,Europe,2509048,3533.00391
Albania,1982,68.6,3.45,71.4,Europe,2780097,3630.880722
Albania,1987,47.9,3.16,72.2,Europe,3075321,3738.932735
Albania,1992,37.4,2.83,73.2,Europe,3326498,2497.437901
Albania,1997,30.3,2.42,72.9,Europe,3428038,3193.054604
Albania,2002,23.1,1.98,75.9,Europe,3508512,4604.211737
Albania,2007,16.7,1.67,77.5,Europe,3600523,5937.029526
Argentina,1952,88.8,3.16,64.2,Americas,17876956,5911.315053
Argentina,1957,93.6,3.13,65.2,Americas,19610538,6856.856212
Argentina,1962,64.9,3.09,65.8,Americas,21283783,7133.166023
Argentina,1967,58.6,3.05,66.5,Americas,22934225,8052.953021
Argentina,1972,69.7,3.15,67.3,Americas,24779799,9443.038526
Argentina,1977,55.6,3.39,67.7,Americas,26983828,10079.02674
Argentina,1982,36.5,3.21,70.9,Americas,29341374,8997.897412
Argentina,1987,29.1,3.06,72.1,Americas,31620918,9139.671389
Argentina,1992,27.3,2.91,72.8,Americas,33958947,9308.41871
Argentina,1997,22.1,2.66,73.6,Americas,36203463,10967.28195
Argentina,2002,18.3,2.52,74.3,Americas,38331121,8797.640716
Argentina,2007,15.7,2.41,75.3,Americas,40301927,12779.37964
Australia,1952,30.3,3.18,69.5,Oceania,8691212,10039.59564
Australia,1957,26.6,3.42,70.6,Oceania,9712569,10949.64959
Australia,1962,23.7,3.41,71.2,Oceania,10794968,12217.22686
Australia,1967,22,2.87,71.1,Oceania,11872264,14526.12465
Australia,1972,20.3,2.68,71.8,Oceania,13177000,16788.62948
Australia,1977,15.2,2.03,73.3,Oceania,14074100,18334.19751
Australia,1982,12.2,1.91,74.9,Oceania,15184200,19477.00928
Australia,1987,10.6,1.86,76.2,Oceania,16257249,21888.88903
Australia,1992,8.15,1.87,77.6,Oceania,17481977,23424.76683
Australia,1997,6.59,1.79,78.8,Oceania,18565243,26997.93657
Australia,2002,5.99,1.78,80.3,Oceania,19546792,30687.75473
Australia,2007,5.41,1.92,81.5,Oceania,20434176,34435.36744
Austria,1952,59.9,2.06,66.7,Europe,6927772,6137.076492
Austria,1957,50,2.57,67.8,Europe,6965860,8842.59803
Austria,1962,37.9,2.8,69.7,Europe,7129864,10750.72111
Austria,1967,30.5,2.62,70.2,Europe,7376998,12834.6024
Austria,1972,28,2.09,70.7,Europe,7544201,16661.6256
Austria,1977,19.4,1.63,72.2,Europe,7568430,19749.4223
Austria,1982,14.8,1.66,73.3,Europe,7574613,21597.08362
Austria,1987,11.2,1.43,75.1,Europe,7578903,23687.82607
Austria,1992,8.53,1.51,76.3,Europe,7914969,27042.01868
Austria,1997,6.01,1.39,77.7,Europe,8069876,29095.92066
Austria,2002,5.31,1.39,79,Europe,8148312,32417.60769
Austria,2007,4.65,1.38,80.3,Europe,8199783,36126.4927
Burundi,1952,277,6.8,40.8,Africa,2445618,339.2964587
Burundi,1957,262,6.85,42.6,Africa,2667518,379.5646281
Burundi,1962,248,7.05,44.4,Africa,2961915,355.2032273
Burundi,1967,247,7.25,45.6,Africa,3330989,412.9775136
Burundi,1972,250,7.31,17.1,Africa,3529983,464.0995039
Burundi,1977,247,7.41,47.8,Africa,3834415,556.1032651
Burundi,1982,204,7.42,48.9,Africa,4580410,559.603231
Burundi,1987,170,7.53,49.4,Africa,5126023,621.8188189
Burundi,1992,178,7.43,47.5,Africa,5809236,631.6998778
Burundi,1997,171,7.18,43,Africa,6121610,463.1151478
Burundi,2002,145,6.89,46.9,Africa,7021078,446.4035126
Burundi,2007,110,6.53,55.7,Africa,8390505,430.0706916
Belgium,1952,54,2.34,68,Europe,8730405,8343.105127
Belgium,1957,40.1,2.49,69.5,Europe,8989111,9714.960623
Belgium,1962,31.1,2.63,70.4,Europe,9218400,10991.20676
Belgium,1967,26.3,2.43,70.8,Europe,9556500,13149.04119
Belgium,1972,21.9,2.05,71.5,Europe,9709100,16672.14356
Belgium,1977,16.7,1.73,72.8,Europe,9821800,19117.97448
Belgium,1982,13.3,1.59,73.8,Europe,9856303,20979.84589
Belgium,1987,11,1.56,75.3,Europe,9870200,22525.56308
Belgium,1992,9.21,1.6,76.5,Europe,10045622,25575.57069
Belgium,1997,6.71,1.61,77.5,Europe,10199787,27561.19663
Belgium,2002,5.4,1.68,78.5,Europe,10311970,30485.88375
Belgium,2007,4.73,1.8,79.8,Europe,10392226,33692.60508
Benin,1952,342,5.83,43.8,Africa,1738315,1062.7522
Benin,1957,324,6.11,44.2,Africa,1925173,959.6010805
Benin,1962,301,6.39,45.3,Africa,2151895,949.4990641
Benin,1967,275,6.63,47.6,Africa,2427334,1035.831411
Benin,1972,254,6.82,49.3,Africa,2761407,1085.796879
Benin,1977,228,6.98,51.6,Africa,3168267,1029.161251
Benin,1982,207,7.02,53.2,Africa,3641603,1277.897616
Benin,1987,188,6.9,54.7,Africa,4243788,1225.85601
Benin,1992,167,6.6,56.4,Africa,4981671,1191.207681
Benin,1997,149,6.2,57.1,Africa,6066080,1232.975292
Benin,2002,133,5.82,57.9,Africa,7026113,1372.877931
Benin,2007,118,5.52,59.5,Africa,8078314,1441.284873
Burkina Faso,1952,375,6.09,36.7,Africa,4469979,543.2552413
Burkina Faso,1957,356,6.23,38.4,Africa,4713416,617.1834648
Burkina Faso,1962,335,6.34,40.4,Africa,4919632,722.5120206
Burkina Faso,1967,321,6.53,42.8,Africa,5127935,794.8265597
Burkina Faso,1972,310,6.7,44.8,Africa,5433886,854.7359763
Burkina Faso,1977,264,6.98,46.9,Africa,5889574,743.3870368
Burkina Faso,1982,229,7.17,49.5,Africa,6634596,807.1985855
Burkina Faso,1987,207,7.09,50.9,Africa,7586551,912.0631417
Burkina Faso,1992,199,6.95,50.5,Africa,8878303,931.7527731
Burkina Faso,1997,189,6.75,50.8,Africa,10352843,946.2949618
Burkina Faso,2002,171,6.47,53.4,Africa,12251209,1037.645221
Burkina Faso,2007,137,6.12,56.5,Africa,14326203,1217.032994
Bangladesh,1952,325,6.33,40.4,Asia,46886859,684.2441716
Bangladesh,1957,282,6.6,42.9,Asia,51365468,661.6374577
Bangladesh,1962,248,6.79,45.5,Asia,56839289,686.3415538
Bangladesh,1967,228,6.92,48,Asia,62821884,721.1860862
Bangladesh,1972,222,6.93,49.4,Asia,70759295,630.2336265
Bangladesh,1977,211,6.68,51.6,Asia,80428306,659.8772322
Bangladesh,1982,189,6.06,53.6,Asia,93074406,676.9818656
Bangladesh,1987,162,5.13,55.8,Asia,103764241,751.9794035
Bangladesh,1992,132,4.2,60.2,Asia,113704579,837.8101643
Bangladesh,1997,103,3.47,63.8,Asia,123315288,972.7700352
Bangladesh,2002,78.2,2.91,66.3,Asia,135656790,1136.39043
Bangladesh,2007,58.8,2.44,68.2,Asia,150448339,1391.253792
Bulgaria,1952,156,2.55,60.1,Europe,7274900,2444.286648
Bulgaria,1957,100,2.31,66.8,Europe,7651254,3008.670727
Bulgaria,1962,53.1,2.21,70,Europe,8012946,4254.337839
Bulgaria,1967,36.5,2.14,70.9,Europe,8310226,5577.0028
Bulgaria,1972,30.2,2.16,71.1,Europe,8576200,6597.494398
Bulgaria,1977,27.1,2.18,71,Europe,8797022,7612.240438
Bulgaria,1982,22.2,2.06,71,Europe,8892098,8224.191647
Bulgaria,1987,18.1,1.94,70.3,Europe,8971958,8239.854824
Bulgaria,1992,19.1,1.6,69.8,Europe,8658506,6302.623438
Bulgaria,1997,19.3,1.23,68.9,Europe,8066057,5970.38876
Bulgaria,2002,15.9,1.22,70.7,Europe,7661799,7696.777725
Bulgaria,2007,11.9,1.42,71.5,Europe,7322858,10680.79282
Bahrain,1952,313,6.97,51.1,Asia,120447,9867.084765
Bahrain,1957,257,6.97,54.9,Asia,138655,11635.79945
Bahrain,1962,166,7.17,58.8,Asia,171863,12753.27514
Bahrain,1967,103,7,62.1,Asia,202182,14804.6727
Bahrain,1972,61.8,6.09,65.4,Asia,230800,18268.65839
Bahrain,1977,39.7,5.28,67.5,Asia,297410,19340.10196
Bahrain,1982,28.8,4.69,69,Asia,377967,19211.14731
Bahrain,1987,23.7,4.13,69.4,Asia,454612,18524.02406
Bahrain,1992,22,3.47,69.8,Asia,529491,19035.57917
Bahrain,1997,15.2,2.93,70.9,Asia,598561,20292.01679
Bahrain,2002,11.6,2.67,72.7,Asia,656397,23403.55927
Bahrain,2007,9.79,2.29,73.6,Asia,708573,29796.04834
Bosnia and Herzegovina,1952,201,4.9,53.7,Europe,2791000,973.5331948
Bosnia and Herzegovina,1957,167,4.07,57.5,Europe,3076000,1353.989176
Bosnia and Herzegovina,1962,129,3.68,62.2,Europe,3349000,1709.683679
Bosnia and Herzegovina,1967,94,3.21,65.3,Europe,3585000,2172.352423
Bosnia and Herzegovina,1972,65.4,2.76,66.7,Europe,3819000,2860.16975
Bosnia and Herzegovina,1977,45.1,2.32,69.2,Europe,4086000,3528.481305
Bosnia and Herzegovina,1982,33.5,2.03,70,Europe,4172693,4126.613157
Bosnia and Herzegovina,1987,23,1.87,72,Europe,4338977,4314.114757
Bosnia and Herzegovina,1992,18,1.73,68.1,Europe,4256013,2546.781445
Bosnia and Herzegovina,1997,11.5,1.66,73.9,Europe,3607000,4766.355904
Bosnia and Herzegovina,2002,9.3,1.37,75.1,Europe,4165416,6018.975239
Bosnia and Herzegovina,2007,8.26,1.29,75.3,Europe,4552198,7446.298803
Bolivia,1952,314,6.75,37.2,Americas,2883315,2677.326347
Bolivia,1957,300,6.75,41.8,Americas,3211738,2127.686326
Bolivia,1962,278,6.65,43.9,Americas,3593918,2180.972546
Bolivia,1967,247,6.59,47.9,Americas,4040665,2586.886053
Bolivia,1972,216,6.5,51.4,Americas,4565872,2980.331339
Bolivia,1977,184,5.9,54.9,Americas,5079716,3548.097832
Bolivia,1982,159,5.34,57.6,Americas,5642224,3156.510452
Bolivia,1987,136,5.03,60.1,Americas,6156369,2753.69149
Bolivia,1992,112,4.81,62.5,Americas,6893451,2961.699694
Bolivia,1997,89,4.37,65,Americas,7693188,3326.143191
Bolivia,2002,67,3.87,67.6,Americas,8445134,3413.26269
Bolivia,2007,49.4,3.43,69.6,Americas,9119152,3822.137084
Brazil,1952,207,6.15,48.5,Americas,56602560,2108.944355
Brazil,1957,185,6.18,50.9,Americas,65551171,2487.365989
Brazil,1962,160,6.14,53.5,Americas,76039390,3336.585802
Brazil,1967,142,5.49,55.6,Americas,88049823,3429.864357
Brazil,1972,126,4.78,58,Americas,100840058,4985.711467
Brazil,1977,109,4.34,61.1,Americas,114313951,6660.118654
Brazil,1982,87.9,3.85,63.9,Americas,128962939,7030.835878
Brazil,1987,71.3,3.17,65.7,Americas,142938076,7807.095818
Brazil,1992,57.2,2.64,68.3,Americas,155975974,6950.283021
Brazil,1997,42.2,2.46,70.1,Americas,168546719,7957.980824
Brazil,2002,30.5,2.16,71.8,Americas,179914212,8131.212843
Brazil,2007,21.9,1.88,73.3,Americas,190010647,9065.800825
Botswana,1952,221,6.49,53.8,Africa,442308,851.2411407
Botswana,1957,187,6.57,54.1,Africa,474639,918.2325349
Botswana,1962,159,6.65,54.6,Africa,512764,983.6539764
Botswana,1967,135,6.7,55.5,Africa,553541,1214.709294
Botswana,1972,111,6.58,57.5,Africa,619351,2263.611114
Botswana,1977,85.3,6.39,59.9,Africa,781472,3214.857818
Botswana,1982,63.9,5.98,61.6,Africa,970347,4551.14215
Botswana,1987,50.9,5.04,62.7,Africa,1151184,6205.88385
Botswana,1992,57.1,4.29,58.6,Africa,1342614,7954.111645
Botswana,1997,78.8,3.72,49,Africa,1536536,8647.142313
Botswana,2002,84.3,3.19,44.9,Africa,1630347,11003.60508
Botswana,2007,61.7,2.92,53.4,Africa,1639131,12569.85177
Central African Republic,1952,317,5.49,43.9,Africa,1291695,1071.310713
Central African Republic,1957,295,5.73,44.7,Africa,1392284,1190.844328
Central African Republic,1962,271,5.89,46.5,Africa,1523478,1193.068753
Central African Republic,1967,241,5.95,47.5,Africa,1733638,1136.056615
Central African Republic,1972,214,5.95,48.2,Africa,1927260,1070.013275
Central African Republic,1977,195,5.95,48.7,Africa,2167533,1109.374338
Central African Republic,1982,182,5.96,49.5,Africa,2476971,956.7529907
Central African Republic,1987,177,5.91,49.4,Africa,2840009,844.8763504
Central African Republic,1992,179,5.73,46.8,Africa,3265124,747.9055252
Central African Republic,1997,175,5.56,43.8,Africa,3696513,740.5063317
Central African Republic,2002,169,5.46,44.2,Africa,4048013,738.6906068
Central African Republic,2007,160,5.32,46.1,Africa,4369038,706.016537
Canada,1952,43.9,3.61,69,Americas,14785584,11367.16112
Canada,1957,35.8,3.91,70.4,Americas,17010154,12489.95006
Canada,1962,30.5,3.7,71.4,Americas,18985849,13462.48555
Canada,1967,25,2.75,72.2,Americas,20819767,16076.58803
Canada,1972,19.9,2.01,73,Americas,22284500,18970.57086
Canada,1977,15.1,1.74,74.3,Americas,23796400,22090.88306
Canada,1982,11.2,1.63,75.8,Americas,25201900,22898.79214
Canada,1987,9.12,1.62,76.8,Americas,26549700,26626.51503
Canada,1992,7.68,1.68,77.8,Americas,28523502,26342.88426
Canada,1997,6.53,1.58,78.6,Americas,30305843,28954.92589
Canada,2002,6.15,1.52,79.8,Americas,31902268,33328.96507
Canada,2007,5.9,1.62,80.9,Americas,33390141,36319.23501
Switzerland,1952,35.8,2.3,69.6,Europe,4815000,14734.23275
Switzerland,1957,28.9,2.39,70.8,Europe,5126000,17909.48973
Switzerland,1962,25.4,2.58,71.7,Europe,5666000,20431.0927
Switzerland,1967,20.7,2.4,72.9,Europe,6063000,22966.14432
Switzerland,1972,16.7,1.92,74,Europe,6401400,27195.11304
Switzerland,1977,12.1,1.57,75.5,Europe,6316424,26982.29052
Switzerland,1982,9.66,1.52,76.4,Europe,6468126,28397.71512
Switzerland,1987,8.76,1.55,77.7,Europe,6649942,30281.70459
Switzerland,1992,7.47,1.54,78.4,Europe,6995447,31871.5303
Switzerland,1997,5.95,1.49,79.6,Europe,7193761,32135.32301
Switzerland,2002,5.44,1.42,80.9,Europe,7361757,34480.95771
Switzerland,2007,4.82,1.46,82.2,Europe,7554661,37506.41907
Chile,1952,221,5.02,53.5,Americas,6377619,3939.978789
Chile,1957,178,5.24,55.5,Americas,7048426,4315.622723
Chile,1962,142,5,56.8,Americas,7961258,4519.094331
Chile,1967,94,4.5,60.2,Americas,8858908,5106.654313
Chile,1972,77.7,3.67,62.3,Americas,9717524,5494.024437
Chile,1977,48.8,2.99,67.2,Americas,10599793,4756.763836
Chile,1982,27.1,2.71,71,Americas,11487112,5095.665738
Chile,1987,21.9,2.64,73.2,Americas,12463354,5547.063754
Chile,1992,16.2,2.46,74.7,Americas,13572994,7596.125964
Chile,1997,12.2,2.23,76,Americas,14599929,10118.05318
Chile,2002,9.8,2.05,77.4,Americas,15497046,10778.78385
Chile,2007,8.91,1.95,78.4,Americas,16284741,13171.63885
China,1952,306,5.97,43.6,Asia,556263527,400.448611
China,1957,251,6.21,52.3,Asia,637408000,575.9870009
China,1962,168,5.97,53.5,Asia,665770000,487.6740183
China,1967,130,5.25,59.5,Asia,754550000,612.7056934
China,1972,101,4.92,61.9,Asia,862030000,676.9000921
China,1977,74.5,2.87,63.5,Asia,943455000,741.2374699
China,1982,57.5,2.58,65.3,Asia,1000281000,962.4213805
China,1987,53.8,2.65,67.3,Asia,1084035000,1378.904018
China,1992,52.2,2.02,68.7,Asia,1164970000,1655.784158
China,1997,43.5,1.53,70.5,Asia,1230075000,2289.234136
China,2002,31.5,1.52,72,Asia,1280400000,3119.280896
China,2007,20.1,1.58,74.2,Asia,1318683096,4959.114854
Cote d'Ivoire,1952,384,6.74,42.4,Africa,2977019,1388.594732
Cote d'Ivoire,1957,343,7.12,43.9,Africa,3300000,1500.895925
Cote d'Ivoire,1962,302,7.51,46.5,Africa,3832408,1728.869428
Cote d'Ivoire,1967,265,7.82,49.3,Africa,4744870,2052.050473
Cote d'Ivoire,1972,229,7.94,52.3,Africa,6071696,2378.201111
Cote d'Ivoire,1977,186,7.83,55.1,Africa,7459574,2517.736547
Cote d'Ivoire,1982,160,7.38,57.2,Africa,9025951,2602.710169
Cote d'Ivoire,1987,154,6.82,57.2,Africa,10761098,2156.956069
Cote d'Ivoire,1992,156,6.3,54.3,Africa,12772596,1648.073791
Cote d'Ivoire,1997,152,5.92,51.1,Africa,14625967,1786.265407
Cote d'Ivoire,2002,138,5.58,51.7,Africa,16252726,1648.800823
Cote d'Ivoire,2007,119,5.34,55.3,Africa,18013409,1544.750112
Cameroon,1952,347,5.49,42.9,Africa,5009067,1172.667655
Cameroon,1957,303,5.51,45.1,Africa,5359923,1313.048099
Cameroon,1962,266,5.77,48.5,Africa,5793633,1399.607441
Cameroon,1967,238,6.06,50.3,Africa,6335506,1508.453148
Cameroon,1972,197,6.29,52.5,Africa,7021028,1684.146528
Cameroon,1977,189,6.49,54.2,Africa,7959865,1783.432873
Cameroon,1982,169,6.69,56.3,Africa,9250831,2367.983282
Cameroon,1987,140,6.63,58.4,Africa,10780667,2602.664206
Cameroon,1992,142,6.26,57.8,Africa,12467171,1793.163278
Cameroon,1997,153,5.8,55.7,Africa,14195809,1694.337469
Cameroon,2002,142,5.48,54.2,Africa,15929988,1934.011449
Cameroon,2007,121,5.27,55.9,Africa,17696293,2042.09524
"Congo, Dem. Rep.",1952,297,5.98,45.9,Africa,14100005,780.5423257
"Congo, Dem. Rep.",1957,281,5.98,47,Africa,15577932,905.8602303
"Congo, Dem. Rep.",1962,269,6.03,47.9,Africa,17486434,896.3146335
"Congo, Dem. Rep.",1967,256,6.14,48.9,Africa,19941073,861.5932424
"Congo, Dem. Rep.",1972,239,6.27,50,Africa,23007669,904.8960685
"Congo, Dem. Rep.",1977,221,6.44,51.3,Africa,26480870,795.757282
"Congo, Dem. Rep.",1982,205,6.69,52.7,Africa,30646495,673.7478181
"Congo, Dem. Rep.",1987,193,6.96,54,Africa,35481645,672.774812
"Congo, Dem. Rep.",1992,182,7.19,54.1,Africa,41672143,457.7191807
"Congo, Dem. Rep.",1997,171,7.11,53.1,Africa,47798986,312.188423
"Congo, Dem. Rep.",2002,152,6.86,54.4,Africa,55379852,241.1658765
"Congo, Dem. Rep.",2007,128,6.61,57.1,Africa,64606759,277.5518587
"Congo, Rep.",1952,231,5.68,42.2,Africa,854885,2125.621418
"Congo, Rep.",1957,199,5.77,43,Africa,940458,2315.056572
"Congo, Rep.",1962,175,5.97,44.4,Africa,1047924,2464.783157
"Congo, Rep.",1967,154,6.18,45.9,Africa,1179760,2677.939642
"Congo, Rep.",1972,134,6.35,48.1,Africa,1340458,3213.152683
"Congo, Rep.",1977,118,6.36,50.7,Africa,1536769,3259.178978
"Congo, Rep.",1982,103,6.05,54.2,Africa,1774735,4879.507522
"Congo, Rep.",1987,90,5.59,55.4,Africa,2064095,4201.194937
"Congo, Rep.",1992,94.3,5.24,53.5,Africa,2409073,4016.239529
"Congo, Rep.",1997,112,5.12,46.7,Africa,2800947,3484.164376
"Congo, Rep.",2002,106,5.08,54.7,Africa,3328795,3484.06197
"Congo, Rep.",2007,73.6,5.01,58.5,Africa,3800610,3632.557798
Colombia,1952,179,6.76,55.9,Americas,12350771,2144.115096
Colombia,1957,151,6.78,57.9,Americas,14485993,2323.805581
Colombia,1962,127,6.78,60.1,Americas,17009885,2492.351109
Colombia,1967,108,6.25,62.4,Americas,19764027,2678.729839
Colombia,1972,90.6,5.07,65.1,Americas,22542890,3264.660041
Colombia,1977,69.9,4.28,67.8,Americas,25094412,3815.80787
Colombia,1982,50.8,3.74,69.6,Americas,27764644,4397.575659
Colombia,1987,39.1,3.23,70.2,Americas,30964245,4903.2191
Colombia,1992,33,2.86,71.1,Americas,34202721,5444.648617
Colombia,1997,27.7,2.54,73.5,Americas,37657830,6117.361746
Colombia,2002,23.5,2.31,73.4,Americas,41008227,5755.259962
Colombia,2007,20.3,2.12,77.3,Americas,44227550,7006.580419
Comoros,1952,293,5.93,45.1,Africa,153936,1102.990936
Comoros,1957,313,6.56,46.2,Africa,170928,1211.148548
Comoros,1962,300,6.9,47.9,Africa,191689,1406.648278
Comoros,1967,243,7.04,50.3,Africa,217378,1876.029643
Comoros,1972,218,7.06,52,Africa,250027,1937.577675
Comoros,1977,193,7.08,53.5,Africa,304739,1172.603047
Comoros,1982,164,7.03,55.3,Africa,348643,1267.100083
Comoros,1987,138,6.14,57.4,Africa,395114,1315.980812
Comoros,1992,117,5.36,59,Africa,454429,1246.90737
Comoros,1997,104,5.27,60.1,Africa,527982,1173.618235
Comoros,2002,102,5.3,62.5,Africa,614382,1075.811558
Comoros,2007,95.2,5.11,64.5,Africa,710960,986.1478792
Costa Rica,1952,135,6.25,59.3,Americas,926317,2627.009471
Costa Rica,1957,117,6.54,62.4,Americas,1112300,2990.010802
Costa Rica,1962,99.4,6.32,65.4,Americas,1345187,3460.937025
Costa Rica,1967,81.7,5.38,66.7,Americas,1588717,4161.727834
Costa Rica,1972,64.7,4.19,68.8,Americas,1834796,5118.146939
Costa Rica,1977,33.9,3.7,73.8,Americas,2108457,5926.876967
Costa Rica,1982,22.8,3.52,75.7,Americas,2424367,5262.734751
Costa Rica,1987,20.1,3.33,76.3,Americas,2799811,5629.915318
Costa Rica,1992,15.6,3.04,76.9,Americas,3173216,6160.416317
Costa Rica,1997,14.7,2.65,77.2,Americas,3518107,6677.045314
Costa Rica,2002,11.6,2.22,78.4,Americas,3834934,7723.447195
Costa Rica,2007,10.3,2.01,80.3,Americas,4133884,9645.06142
Cuba,1952,48.3,4.22,66.7,Americas,6007797,5586.53878
Cuba,1957,46.9,3.72,67.1,Americas,6640752,6092.174359
Cuba,1962,54.7,4.51,68.8,Americas,7254373,5180.75591
Cuba,1967,44.3,4.43,70.1,Americas,8139332,5690.268015
Cuba,1972,34.1,3.65,72.8,Americas,8831348,5305.445256
Cuba,1977,25.9,2.33,72.7,Americas,9537988,6380.494966
Cuba,1982,19.9,1.83,74.3,Americas,9789224,7316.918107
Cuba,1987,15.5,1.83,74.9,Americas,10239839,7532.924763
Cuba,1992,12.1,1.68,75.2,Americas,10723260,5592.843963
Cuba,1997,9.67,1.63,76.2,Americas,10983007,5431.990415
Cuba,2002,7.93,1.59,77.9,Americas,11226999,6340.646683
Cuba,2007,6.71,1.58,78.5,Americas,11416987,8948.102923
Czech Republic,1952,61.8,2.75,66.7,Europe,9125183,6876.14025
Czech Republic,1957,35.4,2.41,69.2,Europe,9513758,8256.343918
Czech Republic,1962,30.1,2.2,70.2,Europe,9620282,10136.86713
Czech Republic,1967,29.6,1.99,70.4,Europe,9835109,11399.44489
Czech Republic,1972,27.1,2.18,70.4,Europe,9862158,13108.4536
Czech Republic,1977,24.8,2.34,70.8,Europe,10161915,14800.16062
Czech Republic,1982,15,2.04,71,Europe,10303704,15377.22855
Czech Republic,1987,13.4,1.9,71.7,Europe,10311597,16310.4434
Czech Republic,1992,11,1.66,72.4,Europe,10315702,14297.02122
Czech Republic,1997,6.95,1.22,74.1,Europe,10300707,16048.51424
Czech Republic,2002,4.97,1.17,75.7,Europe,10256295,17596.21022
Czech Republic,2007,3.92,1.39,77.2,Europe,10228744,22833.30851
Germany,1952,56.9,2.11,67.3,Europe,69145952,7144.114393
Germany,1957,46.4,2.27,68.9,Europe,71019069,10187.82665
Germany,1962,36.6,2.47,70,Europe,73739117,12902.46291
Germany,1967,28.2,2.37,70.8,Europe,76368453,14745.62561
Germany,1972,24,1.8,71,Europe,78717088,18016.18027
Germany,1977,18.3,1.5,72.5,Europe,78160773,20512.92123
Germany,1982,13.2,1.46,73.8,Europe,78335266,22031.53274
Germany,1987,10.1,1.43,75.3,Europe,77718298,24639.18566
Germany,1992,7.59,1.32,76.2,Europe,80597764,26505.30317
Germany,1997,5.92,1.33,77.5,Europe,82011073,27788.88416
Germany,2002,5.09,1.35,78.8,Europe,82350671,30035.80198
Germany,2007,4.49,1.36,80,Europe,82400996,32170.37442
Djibouti,1952,283,6.31,54.9,Africa,63149,2669.529475
Djibouti,1957,263,6.38,55.6,Africa,71851,2864.969076
Djibouti,1962,242,6.53,56.7,Africa,89898,3020.989263
Djibouti,1967,219,6.7,57.6,Africa,127617,3020.050513
Djibouti,1972,189,6.84,59.1,Africa,178848,3694.212352
Djibouti,1977,168,6.67,60.7,Africa,228694,3081.761022
Djibouti,1982,146,6.32,60.8,Africa,305991,2879.468067
Djibouti,1987,127,6.19,60.6,Africa,311025,2880.102568
Djibouti,1992,114,5.88,59,Africa,384156,2377.156192
Djibouti,1997,107,4.96,60.4,Africa,417908,1895.016984
Djibouti,2002,96.5,4.24,60.6,Africa,447416,1908.260867
Djibouti,2007,83.8,3.62,62.1,Africa,496374,2082.481567
Denmark,1952,32.6,2.54,71.1,Europe,4334000,9692.385245
Denmark,1957,27.1,2.56,72.2,Europe,4487831,11099.65935
Denmark,1962,23.8,2.54,72.6,Europe,4646899,13583.31351
Denmark,1967,19.1,2.35,73.1,Europe,4838800,15937.21123
Denmark,1972,14.9,2.03,73.7,Europe,4991596,18866.20721
Denmark,1977,11.1,1.66,74.7,Europe,5088419,20422.9015
Denmark,1982,9.62,1.43,74.7,Europe,5117810,21688.04048
Denmark,1987,9.71,1.5,75,Europe,5127024,25116.17581
Denmark,1992,7.89,1.76,75.5,Europe,5171393,26406.73985
Denmark,1997,5.99,1.75,76.3,Europe,5283663,29804.34567
Denmark,2002,5.28,1.72,77.4,Europe,5374693,32166.50006
Denmark,2007,4.47,1.85,78.7,Europe,5468120,35278.41874
Dominican Republic,1952,148,7.59,58.7,Americas,2491346,1397.717137
Dominican Republic,1957,149,7.67,61,Americas,2923186,1544.402995
Dominican Republic,1962,145,7.4,63,Americas,3453434,1662.137359
Dominican Republic,1967,132,6.74,63.9,Americas,4049146,1653.723003
Dominican Republic,1972,117,5.78,65.7,Americas,4671329,2189.874499
Dominican Republic,1977,97.4,4.85,68.3,Americas,5302800,2681.9889
Dominican Republic,1982,81.1,4.19,69.7,Americas,5968349,2861.092386
Dominican Republic,1987,67.5,3.69,70.7,Americas,6655297,2899.842175
Dominican Republic,1992,55.5,3.33,73,Americas,7351181,3044.214214
Dominican Republic,1997,45.2,3.01,73.3,Americas,7992357,3614.101285
Dominican Republic,2002,38.9,2.84,73.9,Americas,8650322,4563.808154
Dominican Republic,2007,35.6,2.69,72.9,Americas,9319622,6025.374752
Algeria,1952,251,7.44,56,Africa,9279525,2449.008185
Algeria,1957,243,7.43,53,Africa,10270856,3013.976023
Algeria,1962,243,7.61,51.5,Africa,11000948,2550.81688
Algeria,1967,247,7.67,56.1,Africa,12760499,3246.991771
Algeria,1972,229,7.6,56.3,Africa,14760787,4182.663766
Algeria,1977,184,7.23,57.8,Africa,17152804,4910.416756
Algeria,1982,118,6.43,60.8,Africa,20033753,5745.160213
Algeria,1987,58.5,5.41,66,Africa,23254956,5681.358539
Algeria,1992,47,4.22,68.3,Africa,26298373,5023.216647
Algeria,1997,41.6,2.99,69.7,Africa,29072015,4797.295051
Algeria,2002,37.8,2.4,71.8,Africa,31287142,5288.040382
Algeria,2007,30.7,2.66,73.6,Africa,33333216,6223.367465
Ecuador,1952,218,6.73,51.6,Americas,3548753,3522.110717
Ecuador,1957,195,6.75,54.7,Americas,4058385,3780.546651
Ecuador,1962,166,6.68,57.7,Americas,4681707,4086.114078
Ecuador,1967,146,6.44,60.4,Americas,5432424,4579.074215
Ecuador,1972,130,5.87,62.2,Americas,6298651,5280.99471
Ecuador,1977,105,5.13,65.7,Americas,7278866,6679.62326
Ecuador,1982,82.7,4.5,68.4,Americas,8365850,7213.791267
Ecuador,1987,62.5,4.03,69.1,Americas,9545158,6481.776993
Ecuador,1992,48.6,3.59,72.1,Americas,10748394,7103.702595
Ecuador,1997,35.3,3.23,74.2,Americas,11911819,7429.455877
Ecuador,2002,26,2.91,74.1,Americas,12921234,5773.044512
Ecuador,2007,21,2.74,73.7,Americas,13755680,6873.262326
Egypt,1952,358,6.69,43.7,Africa,22223309,1418.822445
Egypt,1957,343,6.74,44.7,Africa,25009741,1458.915272
Egypt,1962,295,6.67,47.7,Africa,28173309,1693.335853
Egypt,1967,256,6.47,50.9,Africa,31681188,1814.880728
Egypt,1972,236,6.06,52.6,Africa,34807417,2024.008147
Egypt,1977,196,5.73,55.8,Africa,38783863,2785.493582
Egypt,1982,148,5.53,59.1,Africa,45681811,3503.729636
Egypt,1987,102,5.18,61.4,Africa,52799062,3885.46071
Egypt,1992,77.5,4.25,65.2,Africa,59402198,3794.755195
Egypt,1997,56.6,3.46,67.2,Africa,66134291,4173.181797
Egypt,2002,41.7,3.13,68.3,Africa,73312559,4754.604414
Egypt,2007,33,3.02,69.2,Africa,80264543,5581.180998
Eritrea,1952,331,6.96,40.1,Africa,1438760,328.9405571
Eritrea,1957,303,6.97,41.3,Africa,1542611,344.1618859
Eritrea,1962,270,6.84,42.7,Africa,1666618,380.9958433
Eritrea,1967,247,6.71,39.7,Africa,1820319,468.7949699
Eritrea,1972,223,6.62,41.8,Africa,2260187,514.3242082
Eritrea,1977,201,6.63,41.5,Africa,2512642,505.7538077
Eritrea,1982,186,6.69,43.6,Africa,2637297,524.8758493
Eritrea,1987,169,6.55,45.6,Africa,2915959,521.1341333
Eritrea,1992,138,6.23,52.7,Africa,3668440,582.8585102
Eritrea,1997,101,5.67,54.5,Africa,4058319,913.47079
Eritrea,2002,77.5,5.15,56.6,Africa,4414865,765.3500015
Eritrea,2007,62.3,4.82,58.7,Africa,4906585,641.3695236
Spain,1952,93.2,2.51,64.5,Europe,28549870,3834.034742
Spain,1957,69.8,2.69,67,Europe,29841614,4564.80241
Spain,1962,49.3,2.8,69.8,Europe,31158061,5693.843879
Spain,1967,37.5,2.85,71.4,Europe,32850275,7993.512294
Spain,1972,25.1,2.86,72.8,Europe,34513161,10638.75131
Spain,1977,18.7,2.59,74.3,Europe,36439000,13236.92117
Spain,1982,13,1.96,76.2,Europe,37983310,13926.16997
Spain,1987,10.3,1.49,76.8,Europe,38880702,15764.98313
Spain,1992,8.31,1.28,77.5,Europe,39549438,18603.06452
Spain,1997,6.14,1.2,78.8,Europe,39855442,20445.29896
Spain,2002,5.14,1.28,79.9,Europe,40152517,24835.47166
Spain,2007,4.36,1.38,81.2,Europe,40448191,28821.0637
Ethiopia,1952,323,7.2,33.8,Africa,20860941,362.1462796
Ethiopia,1957,296,6.92,33,Africa,22815614,378.9041632
Ethiopia,1962,263,6.88,39.7,Africa,25145372,419.4564161
Ethiopia,1967,244,6.88,42,Africa,27860297,516.1186438
Ethiopia,1972,243,7.06,43.1,Africa,30770372,566.2439442
Ethiopia,1977,243,7.2,43.7,Africa,34617799,556.8083834
Ethiopia,1982,234,7.4,45.3,Africa,38111756,577.8607471
Ethiopia,1987,214,7.39,47.4,Africa,42999530,573.7413142
Ethiopia,1992,192,7.14,48.9,Africa,52088559,421.3534653
Ethiopia,1997,160,6.86,50.6,Africa,59861301,515.8894013
Ethiopia,2002,130,6.22,54.2,Africa,67946797,530.0535319
Ethiopia,2007,98.2,5.36,59.5,Africa,76511887,690.8055759
Finland,1952,40.4,3.06,66.7,Europe,4090500,6424.519071
Finland,1957,32.2,2.86,67.9,Europe,4324000,7545.415386
Finland,1962,23.8,2.66,69.2,Europe,4491443,9371.842561
Finland,1967,18.4,2.32,70,Europe,4605744,10921.63626
Finland,1972,14.6,1.59,71.3,Europe,4639657,14358.8759
Finland,1977,10.6,1.69,72.8,Europe,4738902,15605.42283
Finland,1982,7.85,1.72,74.7,Europe,4826933,18533.15761
Finland,1987,7.2,1.59,75.1,Europe,4931729,21141.01223
Finland,1992,6.12,1.85,76,Europe,5041039,20647.16499
Finland,1997,4.72,1.75,77.3,Europe,5134406,23723.9502
Finland,2002,4.07,1.72,78.6,Europe,5193039,28204.59057
Finland,2007,3.51,1.83,79.7,Europe,5238460,33207.0844
France,1952,49.7,2.76,68.1,Europe,42459667,7029.809327
France,1957,34.8,2.7,69.9,Europe,44310863,8662.834898
France,1962,25.7,2.81,71.2,Europe,47124000,10560.48553
France,1967,20.6,2.68,72.1,Europe,49569000,12999.91766
France,1972,16.6,2.33,72.9,Europe,51732000,16107.19171
France,1977,13.9,1.92,74,Europe,53165019,18292.63514
France,1982,11.5,1.84,75.1,Europe,54433565,20293.89746
France,1987,9.81,1.81,76.5,Europe,55630100,22066.44214
France,1992,8.09,1.72,77.6,Europe,57374179,24703.79615
France,1997,5.84,1.75,78.7,Europe,58623428,25889.78487
France,2002,5.07,1.87,79.5,Europe,59925035,28926.03234
France,2007,4.4,1.97,81.1,Europe,61083916,30470.0167
Gabon,1952,253,5.07,48.7,Africa,420702,4293.476475
Gabon,1957,236,4.93,49.2,Africa,434904,4976.198099
Gabon,1962,222,4.97,50.6,Africa,455661,6631.459222
Gabon,1967,193,5.14,52.3,Africa,489004,8358.761987
Gabon,1972,161,5.33,53.9,Africa,537977,11401.94841
Gabon,1977,131,5.57,56.9,Africa,706367,21745.57328
Gabon,1982,109,5.72,58.7,Africa,753874,15113.36194
Gabon,1987,96.2,5.61,60.5,Africa,880397,11864.40844
Gabon,1992,91.2,5.26,60.9,Africa,985739,13522.15752
Gabon,1997,88,4.81,60.2,Africa,1126189,14722.84188
Gabon,2002,81.3,4.39,59.8,Africa,1299304,12521.71392
Gabon,2007,70.5,4.16,62,Africa,1454867,13206.48452
United Kingdom,1952,33.6,2.15,69.5,Europe,50430000,9979.508487
United Kingdom,1957,27.9,2.48,70.8,Europe,51430000,11283.17795
United Kingdom,1962,25.6,2.79,71,Europe,53292000,12477.17707
United Kingdom,1967,22.2,2.61,72,Europe,54959000,14142.85089
United Kingdom,1972,20,2.07,72.2,Europe,56079000,15895.11641
United Kingdom,1977,16.4,1.74,73.2,Europe,56179000,17428.74846
United Kingdom,1982,12.7,1.76,74.2,Europe,56339704,18232.42452
United Kingdom,1987,10.8,1.83,75.3,Europe,56981620,21664.78767
United Kingdom,1992,8.17,1.79,76.3,Europe,57866349,22705.09254
United Kingdom,1997,6.89,1.73,77.3,Europe,58808266,26074.53136
United Kingdom,2002,6.35,1.67,78.5,Europe,59912431,29478.99919
United Kingdom,2007,5.76,1.84,79.8,Europe,60776238,33203.26128
Ghana,1952,243,6.42,47.4,Africa,5581001,911.2989371
Ghana,1957,219,6.62,49.5,Africa,6391288,1043.561537
Ghana,1962,205,6.83,52,Africa,7355248,1190.041118
Ghana,1967,203,6.95,53.5,Africa,8490213,1125.69716
Ghana,1972,198,6.92,55.2,Africa,9354120,1178.223708
Ghana,1977,176,6.72,56.8,Africa,10538093,993.2239571
Ghana,1982,163,6.39,57.7,Africa,11400338,876.032569
Ghana,1987,144,5.93,58.7,Africa,14168101,847.0061135
Ghana,1992,120,5.4,59.7,Africa,16278738,925.060154
Ghana,1997,109,5.04,59.5,Africa,18418288,1005.245812
Ghana,2002,92.4,4.68,59.5,Africa,20550751,1111.984578
Ghana,2007,79.3,4.39,60.5,Africa,22873338,1327.60891
Guinea,1952,366,5.99,38.8,Africa,2664249,510.1964923
Guinea,1957,354,6.07,40.2,Africa,2876726,576.2670245
Guinea,1962,345,6.14,41.8,Africa,3140003,686.3736739
Guinea,1967,333,6.18,43.3,Africa,3451418,708.7595409
Guinea,1972,318,6.28,44.4,Africa,3811387,741.6662307
Guinea,1977,299,6.44,45.9,Africa,4227026,874.6858643
Guinea,1982,274,6.58,48.1,Africa,4710497,857.2503577
Guinea,1987,251,6.64,50.5,Africa,5650262,805.5724718
Guinea,1992,223,6.54,52.6,Africa,6990574,794.3484384
Guinea,1997,188,6.27,54.2,Africa,8048834,869.4497668
Guinea,2002,152,5.95,55.1,Africa,8807818,945.5835837
Guinea,2007,126,5.58,56.5,Africa,9947814,942.6542111
Gambia,1952,404,5.27,52.3,Africa,284320,485.2306591
Gambia,1957,382,5.44,53.1,Africa,323150,520.9267111
Gambia,1962,348,5.67,54.4,Africa,374020,599.650276
Gambia,1967,316,5.94,56,Africa,439593,734.7829124
Gambia,1972,284,6.19,56.7,Africa,517101,756.0868363
Gambia,1977,250,6.33,57.3,Africa,608274,884.7552507
Gambia,1982,219,6.3,58.9,Africa,715523,835.8096108
Gambia,1987,185,6.16,60,Africa,848406,611.6588611
Gambia,1992,156,6.08,60.8,Africa,1025384,665.6244126
Gambia,1997,129,6,61.1,Africa,1235767,653.7301704
Gambia,2002,106,5.91,61.7,Africa,1457766,660.5855997
Gambia,2007,86.3,5.79,62.6,Africa,1688359,752.7497265
Guinea-Bissau,1952,343,6.42,33.9,Africa,580653,299.850319
Guinea-Bissau,1957,331,5.91,36.2,Africa,601095,431.7904566
Guinea-Bissau,1962,319,5.94,38.2,Africa,627820,522.0343725
Guinea-Bissau,1967,302,5.99,37.6,Africa,601287,715.5806402
Guinea-Bissau,1972,286,6.08,39.8,Africa,625361,820.2245876
Guinea-Bissau,1977,269,6.25,44.3,Africa,745228,764.7259628
Guinea-Bissau,1982,251,6.64,45.7,Africa,825987,838.1239671
Guinea-Bissau,1987,235,6.72,47.2,Africa,927524,736.4153921
Guinea-Bissau,1992,214,6.53,49.4,Africa,1050938,745.5398706
Guinea-Bissau,1997,190,6.11,50,Africa,1193708,796.6644681
Guinea-Bissau,2002,163,5.64,52.1,Africa,1332459,575.7047176
Guinea-Bissau,2007,132,5.24,54.3,Africa,1472041,579.231743
Equatorial Guinea,1952,343,5.59,39.3,Africa,216964,375.6431231
Equatorial Guinea,1957,317,5.62,39.6,Africa,232922,426.0964081
Equatorial Guinea,1962,285,5.67,41.1,Africa,249220,582.8419714
Equatorial Guinea,1967,254,5.78,44,Africa,259864,915.5960025
Equatorial Guinea,1972,228,5.81,45.9,Africa,277603,672.4122571
Equatorial Guinea,1977,225,5.8,49,Africa,192675,958.5668124
Equatorial Guinea,1982,201,5.88,50.9,Africa,285483,927.8253427
Equatorial Guinea,1987,184,5.97,51.1,Africa,341244,966.8968149
Equatorial Guinea,1992,177,5.98,51.6,Africa,387838,1132.055034
Equatorial Guinea,1997,168,5.94,54.4,Africa,439971,2814.480755
Equatorial Guinea,2002,148,5.73,60,Africa,495627,7703.4959
Equatorial Guinea,2007,125,5.43,62.5,Africa,551201,12154.08975
Greece,1952,62.8,2.4,70.5,Europe,7733250,3530.690067
Greece,1957,49.1,2.39,71.4,Europe,8096218,4916.299889
Greece,1962,43.9,2.32,72.2,Europe,8448233,6017.190733
Greece,1967,37.4,2.51,73,Europe,8716441,8513.097016
Greece,1972,28.2,2.55,74.1,Europe,8888628,12724.82957
Greece,1977,23.8,2.44,74.9,Europe,9308479,14195.52428
Greece,1982,17.1,2.1,75.6,Europe,9786480,15268.42089
Greece,1987,12.8,1.63,76.4,Europe,9974490,16120.52839
Greece,1992,9.46,1.42,77.4,Europe,10325429,17541.49634
Greece,1997,7.73,1.35,78.1,Europe,10502372,18747.69814
Greece,2002,5.57,1.34,78.9,Europe,10603863,22514.2548
Greece,2007,4.11,1.44,79.6,Europe,10706290,27538.41188
Guatemala,1952,255,7.09,42.6,Americas,3146381,2428.237769
Guatemala,1957,237,6.94,44.8,Americas,3640876,2617.155967
Guatemala,1962,210,6.82,48.8,Americas,4208858,2750.364446
Guatemala,1967,186,6.71,50.3,Americas,4690773,3242.531147
Guatemala,1972,161,6.6,53.5,Americas,5149581,4031.408271
Guatemala,1977,136,6.48,57.2,Americas,5703430,4879.992748
Guatemala,1982,113,6.19,55.5,Americas,6395630,4820.49479
Guatemala,1987,91.7,5.66,60.4,Americas,7326406,4246.485974
Guatemala,1992,73.1,5.32,61.4,Americas,8486949,4439.45084
Guatemala,1997,58.6,4.9,65.3,Americas,9803875,4684.313807
Guatemala,2002,47.7,4.37,67.8,Americas,11178650,4858.347495
Guatemala,2007,39.2,3.7,69.5,Americas,12572928,5186.050003
"Hong Kong, China",1952,89.4,4.41,62.9,Asia,2125900,3054.421209
"Hong Kong, China",1957,67.9,4.75,65.7,Asia,2736300,3629.076457
"Hong Kong, China",1962,45.3,4.98,68.5,Asia,3305200,4692.648272
"Hong Kong, China",1967,32,3.89,70.8,Asia,3722800,6197.962814
"Hong Kong, China",1972,21.6,3.02,72.6,Asia,4115700,8315.928145
"Hong Kong, China",1977,15.8,2.31,74.1,Asia,4583700,11186.14125
"Hong Kong, China",1982,11.9,1.75,75.5,Asia,5264500,14560.53051
"Hong Kong, China",1987,8.86,1.39,76.8,Asia,5584510,20038.47269
"Hong Kong, China",1992,6.54,1.25,78,Asia,5829696,24757.60301
"Hong Kong, China",1997,4.94,1.08,79.3,Asia,6495918,28377.63219
"Hong Kong, China",2002,3.7,0.96,81.1,Asia,6762476,30209.01516
"Hong Kong, China",2007,3,1.02,82.3,Asia,6980412,39724.97867
Honduras,1952,259,7.5,41.8,Americas,1517453,2194.926204
Honduras,1957,231,7.5,45.4,Americas,1770390,2220.487682
Honduras,1962,195,7.44,51.3,Americas,2090162,2291.156835
Honduras,1967,164,7.42,56,Americas,2500689,2538.269358
Honduras,1972,135,7.11,59,Americas,2965146,2529.842345
Honduras,1977,109,6.65,64.8,Americas,3055235,3203.208066
Honduras,1982,86.1,6.06,68.3,Americas,3669448,3121.760794
Honduras,1987,67.2,5.44,69.7,Americas,4372203,3023.096699
Honduras,1992,52.8,4.95,69.4,Americas,5077347,3081.694603
Honduras,1997,42.4,4.41,69.6,Americas,5867957,3160.454906
Honduras,2002,33.8,3.82,70.4,Americas,6677328,3099.72866
Honduras,2007,26.9,3.2,71.2,Americas,7483763,3548.330846
Croatia,1952,115,2.8,57.9,Europe,3882229,3119.23652
Croatia,1957,85.8,2.45,62,Europe,3991242,4338.231617
Croatia,1962,61,2.27,65.4,Europe,4076557,5477.890018
Croatia,1967,42.7,2.1,68.5,Europe,4174366,6960.297861
Croatia,1972,31.3,1.98,69.1,Europe,4225310,9164.090127
Croatia,1977,26.5,2.01,70.9,Europe,4318673,11305.38517
Croatia,1982,22.1,1.98,70.6,Europe,4413368,13221.82184
Croatia,1987,15.8,1.84,71.4,Europe,4484310,13822.58394
Croatia,1992,11.4,1.57,72.4,Europe,4494013,8447.794873
Croatia,1997,9.26,1.51,73.5,Europe,4444595,9875.604515
Croatia,2002,7.68,1.39,75,Europe,4481020,11628.38895
Croatia,2007,6.15,1.41,75.9,Europe,4493312,14619.22272
Haiti,1952,336,6.3,43,Americas,3201488,1840.366939
Haiti,1957,296,6.31,44.5,Americas,3507701,1726.887882
Haiti,1962,275,6.3,46,Americas,3880130,1796.589032
Haiti,1967,254,6.03,47,Americas,4318137,1452.057666
Haiti,1972,231,5.64,48.5,Americas,4698301,1654.456946
Haiti,1977,205,5.78,50.4,Americas,4908554,1874.298931
Haiti,1982,180,6.15,52,Americas,5198399,2011.159549
Haiti,1987,157,5.8,53.8,Americas,5756203,1823.015995
Haiti,1992,136,5.21,54.9,Americas,6326682,1456.309517
Haiti,1997,115,4.67,56.1,Americas,6913545,1341.726931
Haiti,2002,96.8,4.07,58.2,Americas,7607651,1270.364932
Haiti,2007,85.2,3.58,60,Americas,8502814,1201.637154
Hungary,1952,73.8,2.72,64,Europe,9504000,5263.673816
Hungary,1957,64.4,2.34,66.3,Europe,9839000,6040.180011
Hungary,1962,49.6,1.88,68.2,Europe,10063000,7550.359877
Hungary,1967,42,1.92,69.6,Europe,10223422,9326.64467
Hungary,1972,38.1,2.06,69.7,Europe,10394091,10168.65611
Hungary,1977,29.1,2.2,69.9,Europe,10637171,11674.83737
Hungary,1982,21.8,1.89,69.3,Europe,10705535,12545.99066
Hungary,1987,19.5,1.81,69.6,Europe,10612740,12986.47998
Hungary,1992,15.7,1.74,69.1,Europe,10348684,10535.62855
Hungary,1997,11.5,1.43,71,Europe,10244684,11712.7768
Hungary,2002,8.94,1.29,72.6,Europe,10083313,14843.93556
Hungary,2007,6.85,1.32,73.6,Europe,9956108,18008.94444
Indonesia,1952,280,5.46,37.8,Asia,82052000,749.6816546
Indonesia,1957,242,5.67,42.3,Asia,90124000,858.9002707
Indonesia,1962,211,5.65,46.4,Asia,99028000,849.2897701
Indonesia,1967,183,5.58,50.3,Asia,109343000,762.4317721
Indonesia,1972,155,5.34,55.2,Asia,121282000,1111.107907
Indonesia,1977,132,4.81,57.9,Asia,136725000,1382.702056
Indonesia,1982,114,4.17,60.9,Asia,153343000,1516.872988
Indonesia,1987,95.5,3.47,62.8,Asia,169276000,1748.356961
Indonesia,1992,76.7,2.93,64.9,Asia,184816000,2383.140898
Indonesia,1997,60.3,2.58,66.7,Asia,199278000,3119.335603
Indonesia,2002,47.8,2.51,67.7,Asia,211060000,2873.91287
Indonesia,2007,38.5,2.51,68.7,Asia,223547000,3540.651564
India,1952,276,5.9,44.5,Asia,372000000,546.5657493
India,1957,254,5.9,45.9,Asia,409000000,590.061996
India,1962,235,5.89,46.4,Asia,454000000,658.3471509
India,1967,222,5.75,46.4,Asia,506000000,700.7706107
India,1972,207,5.44,50.1,Asia,567000000,724.032527
India,1977,185,5.03,52.8,Asia,634000000,813.337323
India,1982,158,4.7,56.3,Asia,708000000,855.7235377
India,1987,138,4.31,58.3,Asia,788000000,976.5126756
India,1992,119,3.88,60,Asia,872000000,1164.406809
India,1997,102,3.51,61.9,Asia,959000000,1458.817442
India,2002,84.5,3.18,63.8,Asia,1034172547,1746.769454
India,2007,67.9,2.82,65.8,Asia,1110396331,2452.210407
Ireland,1952,49.5,3.41,67.3,Europe,2952156,5210.280328
Ireland,1957,39.7,3.57,69.4,Europe,2878220,5599.077872
Ireland,1962,32.5,3.98,70.2,Europe,2830000,6631.597314
Ireland,1967,25.5,3.86,71.1,Europe,2900100,7655.568963
Ireland,1972,21.4,3.79,71.4,Europe,3024400,9530.772896
Ireland,1977,18,3.34,72.2,Europe,3271900,11150.98113
Ireland,1982,12.3,2.79,73.3,Europe,3480000,12618.32141
Ireland,1987,10.2,2.23,74.3,Europe,3539900,13872.86652
Ireland,1992,8.12,1.92,75.4,Europe,3557761,17558.81555
Ireland,1997,7.32,1.92,76.1,Europe,3667233,24521.94713
Ireland,2002,6.5,1.96,77.8,Europe,3879155,34077.04939
Ireland,2007,4.62,1.99,79.7,Europe,4109086,40675.99635
Iran,1952,376,6.91,40.2,Asia,17272000,3035.326002
Iran,1957,345,6.92,41.9,Asia,19792000,3290.257643
Iran,1962,315,6.91,45.4,Asia,22874000,4187.329802
Iran,1967,288,6.7,50.4,Asia,26538000,5906.731805
Iran,1972,177,6.29,57.1,Asia,30614000,9613.818607
Iran,1977,133,6.29,63.5,Asia,35480679,11888.59508
Iran,1982,91.4,6.52,64.4,Asia,43072751,7608.334602
Iran,1987,66.5,5.76,66.5,Asia,51889696,6642.881371
Iran,1992,50.7,4.14,69.3,Asia,60397973,7235.653188
Iran,1997,40.2,2.73,70.9,Asia,63327987,8263.590301
Iran,2002,30.6,2,72.5,Asia,66907826,9240.761975
Iran,2007,23.1,1.79,74.4,Asia,69453570,11605.71449
Iraq,1952,316,7.44,56.6,Asia,5441766,4129.766056
Iraq,1957,231,6.23,59.3,Asia,6248643,6229.333562
Iraq,1962,171,6.51,59.5,Asia,7240260,8341.737815
Iraq,1967,131,7.3,61.9,Asia,8519282,8931.459811
Iraq,1972,103,7.23,64.5,Asia,10061506,9576.037596
Iraq,1977,82.1,6.83,66.8,Asia,11882916,14688.23507
Iraq,1982,67.2,6.41,58,Asia,14173318,14517.90711
Iraq,1987,57.6,6.11,61.9,Asia,16543189,11643.57268
Iraq,1992,51.6,5.7,67,Asia,17861905,3745.640687
Iraq,1997,47.1,5.22,67.5,Asia,20775703,3076.239795
Iraq,2002,42.5,4.71,69.3,Asia,24001816,4390.717312
Iraq,2007,37.9,4.55,67.2,Asia,27499638,4471.061906
Iceland,1952,27.9,3.82,72,Europe,147962,7267.688428
Iceland,1957,22.9,4.18,73,Europe,165110,9244.001412
Iceland,1962,20.7,3.98,73.5,Europe,182053,10350.15906
Iceland,1967,17.9,3.34,73.8,Europe,198676,13319.89568
Iceland,1972,14.8,2.88,74.5,Europe,209275,15798.06362
Iceland,1977,11.5,2.49,76.1,Europe,221823,19654.96247
Iceland,1982,8.71,2.23,77,Europe,233997,23269.6075
Iceland,1987,7.11,2.13,77.7,Europe,244676,26923.20628
Iceland,1992,5.96,2.17,78.5,Europe,259012,25144.39201
Iceland,1997,4.72,2.07,79.2,Europe,271192,28061.09966
Iceland,2002,3.68,2.01,80.8,Europe,288030,31163.20196
Iceland,2007,2.94,2.1,81.9,Europe,301931,36180.78919
Israel,1952,55.4,4.32,71.8,Asia,1620914,4086.522128
Israel,1957,49.7,3.92,70.3,Asia,1944401,5385.278451
Israel,1962,37.6,3.83,71.7,Asia,2310904,7105.630706
Israel,1967,32.2,3.8,70.2,Asia,2693585,8393.741404
Israel,1972,30.3,3.8,72.2,Asia,3095893,12786.93223
Israel,1977,21.8,3.51,73.3,Asia,3495918,13306.61921
Israel,1982,16.6,3.17,74.7,Asia,3858421,15367.0292
Israel,1987,13.1,3.06,76.1,Asia,4203148,17122.47986
Israel,1992,10.5,2.95,77.1,Asia,4936550,18051.52254
Israel,1997,7.79,2.92,78.2,Asia,5531387,20896.60924
Israel,2002,6.37,2.91,78.9,Asia,6029529,21905.59514
Israel,2007,5.1,2.93,80.8,Asia,6426679,25523.2771
Italy,1952,75.3,2.37,66.2,Europe,47666000,4931.404155
Italy,1957,57.5,2.29,68.4,Europe,49182000,6248.656232
Italy,1962,47.7,2.47,69.9,Europe,50843200,8243.58234
Italy,1967,37.8,2.52,71.3,Europe,52667100,10022.40131
Italy,1972,29.9,2.35,72.3,Europe,54365564,12269.27378
Italy,1977,19.5,1.94,73.5,Europe,56059245,14255.98475
Italy,1982,14.3,1.55,75,Europe,56535636,16537.4835
Italy,1987,10.8,1.36,76.5,Europe,56729703,19207.23482
Italy,1992,8.94,1.27,77.5,Europe,56840847,22013.64486
Italy,1997,6.61,1.23,78.8,Europe,57479469,24675.02446
Italy,2002,5.05,1.29,80.2,Europe,57926999,27968.09817
Italy,2007,4.23,1.4,81.5,Europe,58147733,28569.7197
Jamaica,1952,119,4.13,59.2,Americas,1426095,2898.530881
Jamaica,1957,94.5,5.02,63.9,Americas,1535090,4756.525781
Jamaica,1962,76,5.63,64.8,Americas,1665128,5246.107524
Jamaica,1967,63.4,5.79,67.8,Americas,1861096,6124.703451
Jamaica,1972,53,5.11,69.5,Americas,1997616,7433.889293
Jamaica,1977,44.8,4.12,70.9,Americas,2156814,6650.195573
Jamaica,1982,38.6,3.56,74,Americas,2298309,6068.05135
Jamaica,1987,33.3,3.14,73.4,Americas,2326606,6351.237495
Jamaica,1992,28.6,2.86,75.9,Americas,2378618,7404.923685
Jamaica,1997,24.4,2.7,75,Americas,2531311,7121.924704
Jamaica,2002,21.2,2.48,75.5,Americas,2664659,6994.774861
Jamaica,2007,19.5,2.29,76.3,Americas,2780132,7320.880262
Jordan,1952,248,7.39,57.1,Asia,607914,1546.907807
Jordan,1957,186,7.37,58.1,Asia,746559,1886.080591
Jordan,1962,138,7.9,60,Asia,933559,2348.009158
Jordan,1967,104,8.03,61.6,Asia,1255058,2741.796252
Jordan,1972,81,7.82,64.8,Asia,1613551,2110.856309
Jordan,1977,63.6,7.46,66.3,Asia,1937652,2852.351568
Jordan,1982,50.4,7.07,67.6,Asia,2347031,4161.415959
Jordan,1987,40.5,6.15,69.6,Asia,2820042,4448.679912
Jordan,1992,33.9,5.1,71.8,Asia,3867409,3431.593647
Jordan,1997,29.3,4.35,72,Asia,4526235,3645.379572
Jordan,2002,25.5,3.88,73.3,Asia,5307470,3844.917194
Jordan,2007,22.1,3.71,75.5,Asia,6053193,4519.461171
Japan,1952,75,3.07,63.4,Asia,86459025,3216.956347
Japan,1957,50.3,2.21,66.2,Asia,91563009,4317.694365
Japan,1962,32.9,2.01,69.3,Asia,95831757,6576.649461
Japan,1967,21,2.04,71.9,Asia,100825279,9847.788607
Japan,1972,15.7,2.11,73.7,Asia,107188273,14778.78636
Japan,1977,11.8,1.89,75.8,Asia,113872473,16610.37701
Japan,1982,8.82,1.76,77.3,Asia,118454974,19384.10571
Japan,1987,6.84,1.66,78.9,Asia,122091325,22375.94189
Japan,1992,6.13,1.5,79.7,Asia,124329269,26824.89511
Japan,1997,5.21,1.37,81,Asia,125956499,28816.58499
Japan,2002,4.13,1.3,82.2,Asia,127065841,28604.5919
Japan,2007,3.52,1.33,82.9,Asia,127467972,31656.06806
Kenya,1952,304,7.45,49.1,Africa,6464046,853.540919
Kenya,1957,229,7.76,52.8,Africa,7454779,944.4383152
Kenya,1962,183,8.04,55.1,Africa,8678557,896.9663732
Kenya,1967,161,8.13,57,Africa,10191512,1056.736457
Kenya,1972,145,8.01,59,Africa,12044785,1222.359968
Kenya,1977,123,7.7,61,Africa,14500404,1267.613204
Kenya,1982,104,7.27,62.8,Africa,17661452,1348.225791
Kenya,1987,98.5,6.6,63.4,Africa,21198082,1361.936856
Kenya,1992,114,5.76,60.1,Africa,25020539,1341.921721
Kenya,1997,116,5.35,55.5,Africa,28263827,1360.485021
Kenya,2002,95.8,5.04,55,Africa,31386842,1287.514732
Kenya,2007,69.1,4.68,58.5,Africa,35610177,1463.249282
Cambodia,1952,283,6.95,46.6,Asia,4693836,368.4692856
Cambodia,1957,267,6.96,48.2,Asia,5322536,434.0383364
Cambodia,1962,247,6.96,50.2,Asia,6083619,496.9136476
Cambodia,1967,230,6.75,51.7,Asia,6960067,523.4323142
Cambodia,1972,255,6.18,45.2,Asia,7450606,421.6240257
Cambodia,1977,260,5.56,24.4,Asia,6978607,524.9721832
Cambodia,1982,140,6.19,53.1,Asia,7272485,624.4754784
Cambodia,1987,117,6.1,56.5,Asia,8371791,683.8955732
Cambodia,1992,117,5.24,58.6,Asia,10150094,682.3031755
Cambodia,1997,120,4.33,59.4,Asia,11782962,734.28517
Cambodia,2002,87.2,3.52,61.5,Asia,12926707,896.2260153
Cambodia,2007,55.9,3.09,65.2,Asia,14131858,1713.778686
Kuwait,1952,189,7.21,65.5,Asia,160000,108382.3529
Kuwait,1957,164,7.2,67.3,Asia,212846,113523.1329
Kuwait,1962,125,7.31,71.3,Asia,358266,95458.11176
Kuwait,1967,85.8,7.4,69.8,Asia,575003,80894.88326
Kuwait,1972,61.8,6.84,71,Asia,841934,109347.867
Kuwait,1977,44.9,5.77,70,Asia,1140357,59265.47714
Kuwait,1982,29.9,5.02,73.5,Asia,1497494,31354.03573
Kuwait,1987,20.5,3.78,75.8,Asia,1891487,28118.42998
Kuwait,1992,15.8,2.68,79.5,Asia,1418095,34932.91959
Kuwait,1997,13.4,2.86,77.8,Asia,1765345,40300.619960000004
Kuwait,2002,11.9,2.69,78.6,Asia,2111561,35110.10566
Kuwait,2007,11.1,2.4,79,Asia,2505559,47306.98978
Lebanon,1952,97.8,5.74,60.6,Asia,1439529,4834.804067
Lebanon,1957,83.4,5.74,63.8,Asia,1647412,6089.786934
Lebanon,1962,71.5,5.69,65.6,Asia,1886848,5714.560611
Lebanon,1967,63.9,5.3,67.1,Asia,2186894,6006.983042
Lebanon,1972,59.7,4.73,68,Asia,2680018,7486.384341
Lebanon,1977,54.5,4.27,69.2,Asia,3115787,8659.696836
Lebanon,1982,46.5,3.8,48.6,Asia,3086876,7640.519521
Lebanon,1987,37.3,3.28,70.9,Asia,3089353,5377.091329
Lebanon,1992,29.4,2.84,72,Asia,3219994,6890.806854
Lebanon,1997,23.3,2.47,73.9,Asia,3430388,8754.96385
Lebanon,2002,17.6,2.04,75.3,Asia,3677780,9313.93883
Lebanon,2007,12.2,1.63,75.5,Asia,3921278,10461.05868
Liberia,1952,309,6.26,38.5,Africa,863308,575.5729961
Liberia,1957,309,6.34,40,Africa,975950,620.9699901
Liberia,1962,315,6.45,41.3,Africa,1112796,634.1951625
Liberia,1967,302,6.58,43.5,Africa,1279406,713.6036483
Liberia,1972,277,6.78,46.4,Africa,1482628,803.0054535
Liberia,1977,254,6.93,49.2,Africa,1703617,640.3224383
Liberia,1982,237,6.96,51.3,Africa,1956875,572.1995694
Liberia,1987,247,6.75,52.5,Africa,2269414,506.1138573
Liberia,1992,263,6.34,52.3,Africa,1912974,636.6229191
Liberia,1997,224,6.06,52.4,Africa,2200725,609.17395079999994
Liberia,2002,161,5.72,55.4,Africa,2814651,531.4823679
Liberia,2007,112,5.28,60.6,Africa,3193942,414.5073415
Libya,1952,362,7.19,48.2,Africa,1019729,2387.54806
Libya,1957,333,7.22,50.7,Africa,1201578,3448.284395
Libya,1962,244,7.31,54.7,Africa,1441863,6757.030816
Libya,1967,171,7.91,60.8,Africa,1759224,18772.75169
Libya,1972,117,8.14,66.2,Africa,2183877,21011.49721
Libya,1977,83.5,7.74,67.8,Africa,2721783,21951.21176
Libya,1982,63.6,6.83,70.4,Africa,3344074,17364.27538
Libya,1987,48.9,5.79,69.3,Africa,3799845,11770.5898
Libya,1992,37.6,4.38,73.4,Africa,4364501,9640.138501
Libya,1997,30.9,3.27,75,Africa,4759670,9467.446056
Libya,2002,26.5,2.67,75,Africa,5368585,9534.677467
Libya,2007,20.2,2.44,76,Africa,6036914,12057.49928
Sri Lanka,1952,124,5.84,58,Asia,7982342,1083.53203
Sri Lanka,1957,110,5.83,61.3,Asia,9128546,1072.546602
Sri Lanka,1962,90.2,5.3,64.2,Asia,10421936,1074.47196
Sri Lanka,1967,76.3,4.73,65.8,Asia,11737396,1135.514326
Sri Lanka,1972,69.6,4.08,65.3,Asia,13016733,1213.39553
Sri Lanka,1977,59.7,3.63,66.5,Asia,14116836,1348.775651
Sri Lanka,1982,42.3,3.22,69.7,Asia,15410151,1648.079789
Sri Lanka,1987,24.5,2.7,69.9,Asia,16495304,1876.766827
Sri Lanka,1992,21.6,2.39,70.9,Asia,17587060,2153.739222
Sri Lanka,1997,18.6,2.25,70.5,Asia,18698655,2664.477257
Sri Lanka,2002,15.5,2.26,73.4,Asia,19576783,3015.378833
Sri Lanka,2007,12.9,2.27,74,Asia,20378239,3970.095407
Lesotho,1952,229,5.84,52.4,Africa,748747,298.8462121
Lesotho,1957,198,5.86,53,Africa,813338,335.9971151
Lesotho,1962,188,5.82,53.4,Africa,893143,411.8006266
Lesotho,1967,187,5.8,53.9,Africa,996380,498.6390265
Lesotho,1972,170,5.8,55,Africa,1116779,496.5815922
Lesotho,1977,143,5.71,57.1,Africa,1251524,745.3695408
Lesotho,1982,112,5.49,59.2,Africa,1411807,797.2631074
Lesotho,1987,93,5.17,60.4,Africa,1599200,773.9932141
Lesotho,1992,92.2,4.76,60,Africa,1803195,977.4862725
Lesotho,1997,108,4.39,54.1,Africa,1982823,1186.147994
Lesotho,2002,122,3.86,46.1,Africa,2046772,1275.184575
Lesotho,2007,118,3.41,45.1,Africa,2012649,1569.331442
Morocco,1952,274,6.58,45.2,Africa,9939217,1688.20357
Morocco,1957,252,6.89,46.8,Africa,11406350,1642.002314
Morocco,1962,227,7.09,49.3,Africa,13056604,1566.353493
Morocco,1967,202,6.9,52.3,Africa,14770296,1711.04477
Morocco,1972,179,6.46,55.5,Africa,16660670,1930.194975
Morocco,1977,153,5.97,58.6,Africa,18396941,2370.619976
Morocco,1982,120,5.44,62.4,Africa,20198730,2702.620356
Morocco,1987,91.6,4.57,65.3,Africa,22987397,2755.046991
Morocco,1992,72.1,3.75,66.9,Africa,25798239,2948.047252
Morocco,1997,56.8,3.04,68.4,Africa,28529501,2982.101858
Morocco,2002,45.3,2.68,70.3,Africa,31167783,3258.495584
Morocco,2007,36.5,2.56,71.2,Africa,33757175,3820.17523
Madagascar,1952,291,7.3,41.6,Africa,4762912,1443.011715
Madagascar,1957,259,7.3,43.3,Africa,5181679,1589.20275
Madagascar,1962,230,7.3,45.6,Africa,5703324,1643.38711
Madagascar,1967,205,7.3,47.1,Africa,6334556,1634.047282
Madagascar,1972,183,7.22,49.8,Africa,7082430,1748.562982
Madagascar,1977,167,6.98,53.5,Africa,8007166,1544.228586
Madagascar,1982,179,6.55,54.5,Africa,9171477,1302.878658
Madagascar,1987,175,6.27,54.4,Africa,10568642,1155.441948
Madagascar,1992,150,6.12,56.6,Africa,12210395,1040.67619
Madagascar,1997,126,5.84,58.4,Africa,14165114,986.2958956
Madagascar,2002,96.2,5.34,60,Africa,16473477,894.6370822
Madagascar,2007,75.9,4.87,61.9,Africa,19167654,1044.770126
Mexico,1952,239,6.72,50.2,Americas,30144317,3478.125529
Mexico,1957,175,6.78,54.9,Americas,35015548,4131.546641
Mexico,1962,138,6.76,59.1,Americas,41121485,4581.609385
Mexico,1967,119,6.79,60.8,Americas,47995559,5754.733883
Mexico,1972,100,6.7,62.8,Americas,55984294,6809.40669
Mexico,1977,83.7,5.59,65.1,Americas,63759976,7674.929108
Mexico,1982,65.8,4.46,67.2,Americas,71640904,9611.147541
Mexico,1987,51.7,3.79,69.7,Americas,80122492,8688.156003
Mexico,1992,40.5,3.27,71.5,Americas,88111030,9472.384295
Mexico,1997,31.2,2.88,72.9,Americas,95895146,9767.29753
Mexico,2002,23.6,2.62,74.6,Americas,102479927,10742.44053
Mexico,2007,19,2.42,75.6,Americas,108700891,11977.57496
Mali,1952,441,6.73,35.6,Africa,3838168,452.3369807
Mali,1957,428,6.89,36.9,Africa,4241884,490.3821867
Mali,1962,420,6.99,38.1,Africa,4690372,496.1743428
Mali,1967,391,7.09,39.2,Africa,5212416,545.0098873
Mali,1972,360,7.15,41.1,Africa,5828158,581.3688761
Mali,1977,322,7.15,43.7,Africa,6491649,686.3952693
Mali,1982,282,7.15,46.8,Africa,6998256,618.0140641
Mali,1987,246,7.16,49.4,Africa,7634008,684.1715576
Mali,1992,222,7.15,51,Africa,8416215,739.014375
Mali,1997,204,6.98,51.1,Africa,9384984,790.2579846
Mali,2002,176,6.86,54.3,Africa,10580176,951.4097518
Mali,2007,147,6.72,57.1,Africa,12031795,1042.581557
Myanmar,1952,324,6,35.8,Asia,20092996,331
Myanmar,1957,267,6,37.4,Asia,21731844,350
Myanmar,1962,234,6.1,39.6,Asia,23634436,388
Myanmar,1967,189,6.11,41.5,Asia,25870271,349
Myanmar,1972,168,5.79,45,Asia,28466390,357
Myanmar,1977,150,5.23,48.5,Asia,31528087,371
Myanmar,1982,135,4.69,51.7,Asia,34680442,424
Myanmar,1987,122,3.89,54.3,Asia,38028578,385
Myanmar,1992,110,3.24,55.9,Asia,40546538,347
Myanmar,1997,96.5,2.97,57.7,Asia,43247867,415
Myanmar,2002,84.3,2.87,59.8,Asia,45598081,611
Myanmar,2007,71.4,2.59,62.6,Asia,47761980,944
Montenegro,1952,132,4.24,68.2,Europe,413834,2647.585601
Montenegro,1957,116,3.84,69.6,Europe,442829,3682.259903
Montenegro,1962,83.2,3.44,71.1,Europe,474528,4649.593785
Montenegro,1967,56,2.95,73.3,Europe,501035,5907.850937
Montenegro,1972,38,2.62,73.8,Europe,527678,7778.414017
Montenegro,1977,31.4,2.34,73.2,Europe,560073,9595.929905
Montenegro,1982,28.7,2.21,73.3,Europe,562548,11222.58762
Montenegro,1987,20.5,2.12,73.5,Europe,569473,11732.51017
Montenegro,1992,15.4,2.05,75,Europe,621621,7003.339037
Montenegro,1997,15,1.93,73.8,Europe,692651,6465.613349
Montenegro,2002,13,1.86,73.9,Europe,720230,6557.194282
Montenegro,2007,8.85,1.82,74.1,Europe,684736,9253.896111
Mongolia,1952,255,5.54,39.6,Asia,800663,786.5668575
Mongolia,1957,238,6.25,40.4,Asia,882134,912.6626085
Mongolia,1962,222,7.35,45.3,Asia,1010280,1056.353958
Mongolia,1967,207,7.59,48.8,Asia,1149500,1226.04113
Mongolia,1972,193,7.5,52.5,Asia,1320500,1421.741975
Mongolia,1977,175,6.78,56.3,Asia,1528000,1647.511665
Mongolia,1982,150,5.86,58,Asia,1756032,2000.603139
Mongolia,1987,123,4.91,59.9,Asia,2015133,2338.008304
Mongolia,1992,99,3.45,60.1,Asia,2312802,1785.402016
Mongolia,1997,78.1,2.43,60,Asia,2494803,1902.2521
Mongolia,2002,54.1,2.08,61.7,Asia,2674234,2140.739323
Mongolia,2007,34.5,2.33,64,Asia,2874127,3095.772271
Mozambique,1952,317,6.81,43.3,Africa,6446316,468.5260381
Mozambique,1957,291,6.93,44.3,Africa,7038035,495.5868333
Mozambique,1962,271,6.92,45.6,Africa,7788944,556.6863539
Mozambique,1967,272,6.86,46.5,Africa,8680909,566.6691539
Mozambique,1972,271,6.8,48.3,Africa,9809596,724.9178037
Mozambique,1977,265,6.59,49.9,Africa,11127868,502.3197334
Mozambique,1982,262,6.41,48.2,Africa,12587223,462.2114149
Mozambique,1987,250,6.31,47.7,Africa,12891952,389.8761846
Mozambique,1992,234,6.12,52.1,Africa,13160731,410.8968239
Mozambique,1997,201,5.88,52.6,Africa,16603334,472.3460771
Mozambique,2002,154,5.8,52.2,Africa,18473780,633.6179466
Mozambique,2007,121,5.67,52.8,Africa,19951656,823.6856205
Mauritania,1952,300,6.3,48.3,Africa,1022556,743.1159097
Mauritania,1957,272,6.69,49.8,Africa,1076852,846.1202613
Mauritania,1962,240,6.79,51.4,Africa,1146757,1055.896036
Mauritania,1967,207,6.8,53.8,Africa,1230542,1421.145193
Mauritania,1972,190,6.76,55.3,Africa,1332786,1586.851781
Mauritania,1977,179,6.6,55.5,Africa,1456688,1497.492223
Mauritania,1982,155,6.37,57.2,Africa,1622136,1481.150189
Mauritania,1987,128,6.17,58.4,Africa,1841240,1421.603576
Mauritania,1992,114,5.94,60.2,Africa,2119465,1361.369784
Mauritania,1997,114,5.64,62.2,Africa,2444741,1483.136136
Mauritania,2002,113,5.34,64.5,Africa,2828858,1579.019543
Mauritania,2007,105,5.1,66.9,Africa,3270065,1803.151496
Mauritius,1952,115,5.9,52.7,Africa,516556,1967.955707
Mauritius,1957,121,5.94,55.5,Africa,609816,2034.037981
Mauritius,1962,93.3,6.12,61.3,Africa,701016,2529.067487
Mauritius,1967,95.9,4.85,62.1,Africa,789309,2475.387562
Mauritius,1972,79.8,3.58,63.7,Africa,851334,2575.484158
Mauritius,1977,50.7,3.07,65,Africa,913025,3710.982963
Mauritius,1982,34.8,2.41,68.5,Africa,992040,3688.037739
Mauritius,1987,28.6,2.27,69.5,Africa,1042663,4783.586903
Mauritius,1992,21.2,2.25,70.8,Africa,1096202,6058.253846
Mauritius,1997,22.6,2.07,71.1,Africa,1149818,7425.705295
Mauritius,2002,16.1,1.94,72.7,Africa,1200206,9021.815894
Mauritius,2007,16,1.72,73.8,Africa,1250882,10956.99112
Malawi,1952,386,6.82,34.9,Africa,2917802,369.1650802
Malawi,1957,375,6.88,36.6,Africa,3221238,416.3698064
Malawi,1962,362,6.99,38.5,Africa,3628608,427.9010856
Malawi,1967,350,7.18,40.5,Africa,4147252,495.5147806
Malawi,1972,330,7.39,43.5,Africa,4730997,584.6219709
Malawi,1977,285,7.59,46.8,Africa,5637246,663.2236766
Malawi,1982,242,7.62,49.5,Africa,6502825,632.8039209
Malawi,1987,252,7.29,50.1,Africa,7824747,635.5173634
Malawi,1992,224,6.68,48.5,Africa,10014249,563.2000145
Malawi,1997,195,6.31,45.7,Africa,10419991,692.2758103
Malawi,2002,146,6.05,46.7,Africa,11824495,665.4231186
Malawi,2007,103,5.73,51.6,Africa,13327079,759.3499101
Malaysia,1952,148,6.29,54.3,Asia,6748378,1831.132894
Malaysia,1957,112,6.38,58.8,Asia,7739235,1810.066992
Malaysia,1962,80.6,6.35,63.2,Asia,8906385,2036.884944
Malaysia,1967,60.1,5.53,66.1,Asia,10154878,2277.742396
Malaysia,1972,49.3,4.76,67.9,Asia,11441462,2849.09478
Malaysia,1977,37.3,4.25,67.7,Asia,12845381,3827.921571
Malaysia,1982,26.3,3.97,70.2,Asia,14441916,4920.355951
Malaysia,1987,19.2,3.7,71,Asia,16331785,5249.802653
Malaysia,1992,15.1,3.47,72.4,Asia,18319502,7277.912802
Malaysia,1997,12.4,3.15,72.5,Asia,20476091,10132.90964
Malaysia,2002,8.93,2.54,73.5,Asia,22662365,10206.97794
Malaysia,2007,7.91,2.22,74.5,Asia,24821286,12451.6558
Namibia,1952,157,5.99,55,Africa,485831,2423.780443
Namibia,1957,136,6.09,55.6,Africa,548080,2621.448058
Namibia,1962,115,6.18,56.4,Africa,621392,3173.215595
Namibia,1967,96.4,6.3,57.2,Africa,706640,3793.694753
Namibia,1972,99.2,6.57,58.3,Africa,821782,3746.080948
Namibia,1977,103,6.62,59,Africa,977026,3876.485958
Namibia,1982,98.5,6.26,59.4,Africa,1099010,4191.100511
Namibia,1987,82.2,5.63,61.1,Africa,1278184,3693.731337
Namibia,1992,70.1,4.97,62.3,Africa,1554253,3804.537999
Namibia,1997,73.6,4.35,58,Africa,1774766,3899.52426
Namibia,2002,78,3.84,52.5,Africa,1972153,4072.324751
Namibia,2007,61.2,3.62,57.4,Africa,2055080,4811.060429
Niger,1952,337,7.1,38,Africa,3379468,761.879376
Niger,1957,322,7.31,39.4,Africa,3692184,835.5234025
Niger,1962,317,7.49,41,Africa,4076008,997.7661127
Niger,1967,315,7.54,42.4,Africa,4534062,1054.384891
Niger,1972,335,7.6,43,Africa,5060262,954.2092363
Niger,1977,331,7.74,43.4,Africa,5682086,808.8970728
Niger,1982,321,7.88,45.1,Africa,6437188,909.7221354
Niger,1987,338,7.82,45.8,Africa,7332638,668.3000228
Niger,1992,314,7.75,48,Africa,8392818,581.182725
Niger,1997,255,7.71,50.5,Africa,9666252,580.3052092
Niger,2002,206,7.66,53.3,Africa,11140655,601.0745012
Niger,2007,150,7.57,57.2,Africa,12894865,619.6768924
Nigeria,1952,355,6.35,45.2,Africa,33119096,1077.281856
Nigeria,1957,348,6.35,46.1,Africa,37173340,1100.592563
Nigeria,1962,333,6.35,47.3,Africa,41871351,1150.927478
Nigeria,1967,307,6.36,47.9,Africa,47287752,1014.514104
Nigeria,1972,269,6.58,50.2,Africa,53740085,1698.388838
Nigeria,1977,229,6.76,52.9,Africa,62209173,1981.951806
Nigeria,1982,208,6.77,54.5,Africa,73039376,1576.97375
Nigeria,1987,210,6.63,54.6,Africa,81551520,1385.029563
Nigeria,1992,210,6.4,54.7,Africa,93364244,1619.848217
Nigeria,1997,200,6.19,54.6,Africa,106207839,1624.941275
Nigeria,2002,173,6.06,55.1,Africa,119901274,1615.286395
Nigeria,2007,146,5.93,57.9,Africa,135031164,2013.977305
Nicaragua,1952,217,7.16,49.7,Americas,1165790,3112.363948
Nicaragua,1957,199,7.5,53.2,Americas,1358828,3457.415947
Nicaragua,1962,191,7.18,56.1,Americas,1590597,3634.364406
Nicaragua,1967,182,6.96,57.3,Americas,1865490,4643.393534
Nicaragua,1972,165,6.81,50.5,Americas,2182908,4688.593267
Nicaragua,1977,131,6.42,63.8,Americas,2554598,5486.371089
Nicaragua,1982,94.8,5.9,66.8,Americas,2979423,3470.338156
Nicaragua,1987,75,5.1,64.2,Americas,3344353,2955.984375
Nicaragua,1992,60.1,4.27,72.4,Americas,4017939,2170.151724
Nicaragua,1997,44.5,3.47,72.4,Americas,4609572,2253.023004
Nicaragua,2002,32.1,2.89,73.6,Americas,5146848,2474.548819
Nicaragua,2007,23.5,2.57,73.9,Americas,5675356,2749.320965
Netherlands,1952,29,3.09,72.1,Europe,10381988,8941.571858
Netherlands,1957,23.1,3.08,73.1,Europe,11026383,11276.19344
Netherlands,1962,19.7,3.18,73.1,Europe,11805689,12790.84956
Netherlands,1967,17.4,2.81,73.8,Europe,12596822,15363.25136
Netherlands,1972,14.7,2.15,74,Europe,13329874,18794.74567
Netherlands,1977,12.1,1.58,75.2,Europe,13852989,21209.0592
Netherlands,1982,10.4,1.5,76.2,Europe,14310401,21399.46046
Netherlands,1987,9.18,1.56,76.8,Europe,14665278,23651.32361
Netherlands,1992,7.71,1.59,77.4,Europe,15174244,26790.94961
Netherlands,1997,6.55,1.56,78,Europe,15604464,30246.13063
Netherlands,2002,5.91,1.73,78.6,Europe,16122830,33724.75778
Netherlands,2007,4.95,1.72,80.3,Europe,16570613,36797.93332
Norway,1952,29.1,2.61,72.6,Europe,3327728,10095.42172
Norway,1957,24.5,2.86,73.3,Europe,3491938,11653.97304
Norway,1962,21.6,2.89,73.3,Europe,3638919,13450.40151
Norway,1967,18.3,2.8,73.9,Europe,3786019,16361.87647
Norway,1972,15,2.38,74.5,Europe,3933004,18965.05551
Norway,1977,11.5,1.75,75.6,Europe,4043205,23311.34939
Norway,1982,9.88,1.71,76.3,Europe,4114787,26298.63531
Norway,1987,10.1,1.75,76.3,Europe,4186147,31540.9748
Norway,1992,7.24,1.88,77.3,Europe,4286357,33965.66115
Norway,1997,5.24,1.86,78.5,Europe,4405672,41283.16433
Norway,2002,4.55,1.75,79.3,Europe,4535591,44683.97525
Norway,2007,3.7,1.9,80.7,Europe,4627926,49357.19017
Nepal,1952,333,5.97,41.4,Asia,9182536,545.8657229
Nepal,1957,329,5.97,43.3,Asia,9682338,597.9363558
Nepal,1962,314,5.96,45.6,Asia,10332057,652.3968593
Nepal,1967,283,5.96,48.2,Asia,11261690,676.4422254
Nepal,1972,254,5.88,49.9,Asia,12412593,674.7881296
Nepal,1977,227,5.8,50.8,Asia,13933198,694.1124398
Nepal,1982,195,5.65,52.9,Asia,15796314,718.3730947
Nepal,1987,161,5.37,56.1,Asia,17917180,775.6324501
Nepal,1992,126,5.02,59.8,Asia,20326209,897.7403604
Nepal,1997,96,4.47,63.4,Asia,23001113,1010.892138
Nepal,2002,72.3,3.72,66.2,Asia,25873917,1057.206311
Nepal,2007,54.9,3.01,68.3,Asia,28901790,1091.359778
New Zealand,1952,33.9,3.32,69.8,Oceania,1994794,10556.57566
New Zealand,1957,30.1,3.51,70.7,Oceania,2229407,12247.39532
New Zealand,1962,25.8,3.51,71.4,Oceania,2488550,13175.678
New Zealand,1967,22,3,71.6,Oceania,2728150,14463.91893
New Zealand,1972,19.9,2.9,72,Oceania,2929100,16046.03728
New Zealand,1977,17.1,2.32,72.7,Oceania,3164900,16233.7177
New Zealand,1982,14.8,2.1,74,Oceania,3210650,17632.4104
New Zealand,1987,12.9,2.24,74.5,Oceania,3317166,19007.19129
New Zealand,1992,10,2.31,76.1,Oceania,3437674,18363.32494
New Zealand,1997,8.1,2.05,77.4,Oceania,3676187,21050.41377
New Zealand,2002,7.03,1.95,78.8,Oceania,3908037,23189.80135
New Zealand,2007,6.37,2.11,80.2,Oceania,4115771,25185.00911
Oman,1952,401,7.25,41.6,Asia,507833,1828.230307
Oman,1957,400,7.25,43.6,Asia,561977,2242.746551
Oman,1962,337,7.25,46.9,Asia,628164,2924.638113
Oman,1967,268,7.28,50.4,Asia,714775,4720.942687
Oman,1972,204,7.41,56.8,Asia,829050,10618.03855
Oman,1977,144,8.02,60.4,Asia,1004533,11848.34392
Oman,1982,90.5,8.35,63,Asia,1301048,12954.79101
Oman,1987,52.7,7.93,65.7,Asia,1593882,18115.22313
Oman,1992,31.9,6.47,67.3,Asia,1915208,18616.70691
Oman,1997,20.5,4.63,68.4,Asia,2283635,19702.05581
Oman,2002,14.6,3.29,69.6,Asia,2713462,19774.83687
Oman,2007,12.2,2.89,69.9,Asia,3204897,22316.19287
Pakistan,1952,347,6.6,47.2,Asia,41346560,684.5971438
Pakistan,1957,283,6.6,49.8,Asia,46679944,747.0835292
Pakistan,1962,235,6.6,52.8,Asia,53100671,803.3427418
Pakistan,1967,203,6.6,55.8,Asia,60641899,942.4082588
Pakistan,1972,184,6.61,57.9,Asia,69325921,1049.938981
Pakistan,1977,171,6.6,59.7,Asia,78152686,1175.921193
Pakistan,1982,159,6.48,60.7,Asia,91462088,1443.429832
Pakistan,1987,146,6.31,60.9,Asia,105186881,1704.686583
Pakistan,1992,134,5.76,60.9,Asia,120065004,1971.829464
Pakistan,1997,121,5.05,60.5,Asia,135564834,2049.350521
Pakistan,2002,107,4.31,61.4,Asia,153403524,2092.712441
Pakistan,2007,94.9,3.98,62.7,Asia,169270617,2605.94758
Panama,1952,113,5.75,61.9,Americas,940080,2480.380334
Panama,1957,97.5,5.88,63.1,Americas,1063506,2961.800905
Panama,1962,84.2,5.81,66.8,Americas,1215725,3536.540301
Panama,1967,72.5,5.47,68.5,Americas,1405486,4421.009084
Panama,1972,59.4,4.94,70.2,Americas,1616384,5364.249663
Panama,1977,47.8,4.26,73.4,Americas,1839782,5351.912144
Panama,1982,40.5,3.68,74.6,Americas,2036305,7009.601598
Panama,1987,33.8,3.26,76,Americas,2253639,7034.779161
Panama,1992,29.4,2.95,76.6,Americas,2484997,6618.74305
Panama,1997,27.3,2.81,76.7,Americas,2734531,7113.692252
Panama,2002,24.7,2.7,78.1,Americas,2990875,7356.031934
Panama,2007,21.7,2.64,78.5,Americas,3242173,9809.185636
Peru,1952,304,6.9,40.3,Americas,8025700,3758.523437
Peru,1957,248,6.94,44.7,Americas,9146100,4245.256698
Peru,1962,214,6.96,50.1,Americas,10516500,4957.037982
Peru,1967,181,6.73,55.8,Americas,12132200,5788.09333
Peru,1972,156,6.1,60.9,Americas,13954700,5937.827283
Peru,1977,135,5.45,64.8,Americas,15990099,6281.290855
Peru,1982,119,4.73,66,Americas,18125129,6434.501797
Peru,1987,94.6,4.14,68.5,Americas,20195924,6360.9434440000005
Peru,1992,71.9,3.62,70,Americas,22430449,4446.380924
Peru,1997,49.6,3.14,73,Americas,24748122,5838.347657
Peru,2002,33,2.82,75.9,Americas,26769436,5909.020073
Peru,2007,23.6,2.62,78.3,Americas,28674757,7408.905561
Philippines,1952,142,6.99,55.9,Asia,22438691,1272.880995
Philippines,1957,116,7.2,59.7,Asia,26072194,1547.944844
Philippines,1962,97.7,7.02,61.8,Asia,30325264,1649.552153
Philippines,1967,87.6,6.59,62.8,Asia,35356600,1814.12743
Philippines,1972,82.5,6.04,62.7,Asia,40850141,1989.37407
Philippines,1977,81.6,5.51,64.2,Asia,46850962,2373.204287
Philippines,1982,77.4,4.98,66.1,Asia,53456774,2603.273765
Philippines,1987,67.2,4.55,67,Asia,60017788,2189.634995
Philippines,1992,50.5,4.18,69.3,Asia,67185766,2279.324017
Philippines,1997,40.7,3.92,70.1,Asia,75012988,2536.534925
Philippines,2002,36.4,3.71,70.2,Asia,82995088,2650.921068
Philippines,2007,33.3,3.35,70.5,Asia,91077287,3190.481016
Poland,1952,140,3.64,60.1,Europe,25730551,4029.329699
Poland,1957,86.7,3.47,64.2,Europe,28235346,4734.253019
Poland,1962,55.6,2.82,67.9,Europe,30329617,5338.752143
Poland,1967,40.5,2.35,69.8,Europe,31785378,6557.152776
Poland,1972,32.5,2.23,71,Europe,33039545,8006.506993
Poland,1977,26.3,2.23,70.9,Europe,34621254,9508.141454
Poland,1982,22.7,2.3,71.5,Europe,36227381,8451.531004
Poland,1987,18.9,2.2,71.1,Europe,37740710,9082.351172
Poland,1992,16.4,1.97,71.2,Europe,38370697,7738.881247
Poland,1997,12,1.56,72.7,Europe,38654957,10159.58368
Poland,2002,8.43,1.28,74.7,Europe,38625976,12002.23908
Poland,2007,7.01,1.34,75.4,Europe,38518241,15389.92468
Portugal,1952,144,3.1,60.3,Europe,8526050,3068.319867
Portugal,1957,122,3.12,62.1,Europe,8817650,3774.571743
Portugal,1962,104,3.19,64.5,Europe,9019800,4727.954889
Portugal,1967,77.6,3.13,66.3,Europe,9103000,6361.517993
Portugal,1972,57.8,2.88,69.1,Europe,8970450,9022.247417
Portugal,1977,35.7,2.57,70.4,Europe,9662600,10172.48572
Portugal,1982,24.3,2.07,72.6,Europe,9859650,11753.84291
Portugal,1987,18.2,1.65,73.9,Europe,9915289,13039.30876
Portugal,1992,12.5,1.48,74.7,Europe,9927680,16207.26663
Portugal,1997,8.64,1.45,75.9,Europe,10156415,17641.03156
Portugal,2002,6.12,1.45,77.5,Europe,10433867,19970.90787
Portugal,2007,4.23,1.38,79.4,Europe,10642836,20509.64777
Paraguay,1952,88.9,6.5,65,Americas,1555876,1952.308701
Paraguay,1957,85,6.51,68.3,Americas,1770902,2046.154706
Paraguay,1962,81.1,6.47,69.9,Americas,2009813,2148.027146
Paraguay,1967,79.1,6.17,70.5,Americas,2287985,2299.376311
Paraguay,1972,76.4,5.46,70.9,Americas,2614104,2523.337977
Paraguay,1977,70.4,5.19,72.3,Americas,2984494,3248.373311
Paraguay,1982,61,5.13,74.2,Americas,3366439,4258.503604
Paraguay,1987,50.9,4.82,75.5,Americas,3886512,3998.875695
Paraguay,1992,42.1,4.37,76,Americas,4483945,4196.411078
Paraguay,1997,36.2,3.91,75.5,Americas,5154123,4247.400261
Paraguay,2002,32.3,3.32,76.1,Americas,5884491,3783.674243
Paraguay,2007,28.4,2.91,76,Americas,6667147,4172.838464
Romania,1952,159,3.31,61.8,Europe,16630000,3144.613186
Romania,1957,115,2.73,63.3,Europe,17829327,3943.370225
Romania,1962,68.7,2.22,66.7,Europe,18680721,4734.997586
Romania,1967,64,2.71,68.4,Europe,19284814,6470.866545
Romania,1972,46.8,2.73,69.3,Europe,20662648,8011.414402
Romania,1977,38.6,2.54,69.7,Europe,21658597,9356.39724
Romania,1982,32.8,2.32,70,Europe,22356726,9605.314053
Romania,1987,34.7,2.19,69.2,Europe,22686371,9696.273295
Romania,1992,28.7,1.61,69.8,Europe,22797027,6598.409903
Romania,1997,25.8,1.32,69.1,Europe,22562458,7346.547557
Romania,2002,20.5,1.32,71.2,Europe,22404337,7885.360081
Romania,2007,14.4,1.43,73.4,Europe,22276056,10808.47561
Rwanda,1952,257,7.98,35.5,Africa,2534927,493.3238752
Rwanda,1957,239,8.14,39.9,Africa,2822082,540.2893983
Rwanda,1962,213,8.2,42.2,Africa,3051242,597.4730727
Rwanda,1967,213,8.2,43.3,Africa,3451079,510.9637142
Rwanda,1972,229,8.28,44.1,Africa,3992121,590.5806638
Rwanda,1977,251,8.43,46.5,Africa,4657072,670.0806011
Rwanda,1982,187,8.41,50.2,Africa,5507565,881.5706467
Rwanda,1987,153,7.86,51.8,Africa,6349365,847.991217
Rwanda,1992,168,6.71,49.1,Africa,7290203,737.0685949
Rwanda,1997,209,5.94,46.8,Africa,7212583,589.9445051
Rwanda,2002,155,5.45,53.2,Africa,7852401,785.6537648
Rwanda,2007,87.8,4.9,61.6,Africa,8860588,863.0884639
Saudi Arabia,1952,270,7.18,51.6,Asia,4005677,6459.554823
Saudi Arabia,1957,252,7.17,53.2,Asia,4419650,8157.591248
Saudi Arabia,1962,229,7.24,55.4,Asia,4943029,11626.41975
Saudi Arabia,1967,199,7.26,58.1,Asia,5618198,16903.04886
Saudi Arabia,1972,160,7.3,61.4,Asia,6472756,24837.42865
Saudi Arabia,1977,115,7.3,64.8,Asia,8128505,34167.7626
Saudi Arabia,1982,82.2,7.05,66.9,Asia,11254672,33693.17525
Saudi Arabia,1987,56.8,6.34,68,Asia,14619745,21198.26136
Saudi Arabia,1992,38.1,5.59,68.8,Asia,16945857,24841.61777
Saudi Arabia,1997,26.7,4.53,69.8,Asia,21229759,20586.69019
Saudi Arabia,2002,19.7,3.71,70.7,Asia,24501530,19014.54118
Saudi Arabia,2007,14.7,3.24,71.3,Asia,27601038,21654.83194
Sudan,1952,204,6.65,47.3,Africa,8504667,1615.991129
Sudan,1957,186,6.65,48.6,Africa,9753392,1770.337074
Sudan,1962,171,6.74,50.3,Africa,11183227,1959.593767
Sudan,1967,160,6.85,50.9,Africa,12716129,1687.997641
Sudan,1972,154,6.91,52,Africa,14597019,1659.652775
Sudan,1977,149,6.92,53.8,Africa,17104986,2202.988423
Sudan,1982,144,6.67,55.8,Africa,20367053,1895.544073
Sudan,1987,138,6.34,57.4,Africa,24725960,1507.819159
Sudan,1992,127,6.03,59.8,Africa,28227588,1492.197043
Sudan,1997,114,5.68,61.8,Africa,32160729,1632.210764
Sudan,2002,97.5,5.33,63.9,Africa,37090298,1993.398314
Sudan,2007,82.8,5.03,66.3,Africa,42292929,2602.394995
Senegal,1952,327,6.68,45.7,Africa,2755589,1450.356983
Senegal,1957,303,6.87,46.6,Africa,3054547,1567.653006
Senegal,1962,297,7.08,47,Africa,3430243,1654.988723
Senegal,1967,297,7.24,47.3,Africa,3965841,1612.404632
Senegal,1972,277,7.3,48.5,Africa,4588696,1597.712056
Senegal,1977,231,7.3,51.2,Africa,5260855,1561.769116
Senegal,1982,191,7.27,54.1,Africa,6147783,1518.479984
Senegal,1987,155,6.85,57.3,Africa,7171347,1441.72072
Senegal,1992,137,6.32,59,Africa,8307920,1367.899369
Senegal,1997,141,5.77,59.6,Africa,9535314,1392.368347
Senegal,2002,117,5.31,61.4,Africa,10870037,1519.635262
Senegal,2007,80.9,5.11,64.4,Africa,12267493,1712.472136
Singapore,1952,92.4,6.62,58.4,Asia,1127000,2315.138227
Singapore,1957,61.5,6.42,63.7,Asia,1445929,2843.104409
Singapore,1962,40.5,5.27,66.5,Asia,1750200,3674.735572
Singapore,1967,31.8,3.82,67.9,Asia,1977600,4977.41854
Singapore,1972,24,2.84,69.3,Asia,2152400,8597.756202
Singapore,1977,15.3,1.95,71,Asia,2325300,11210.08948
Singapore,1982,13.2,1.74,72.3,Asia,2651869,15169.16112
Singapore,1987,9.75,1.62,74.5,Asia,2794552,18861.53081
Singapore,1992,6.3,1.72,76.5,Asia,3235865,24769.8912
Singapore,1997,4.59,1.61,77.9,Asia,3802309,33519.4766
Singapore,2002,3.38,1.37,80.1,Asia,4197776,36023.1054
Singapore,2007,2.86,1.29,81.8,Asia,4553009,47143.17964
Sierra Leone,1952,437,5.9,40.6,Africa,2143249,879.7877358
Sierra Leone,1957,408,6,41.9,Africa,2295678,1004.484437
Sierra Leone,1962,382,6.22,43.2,Africa,2467895,1116.639877
Sierra Leone,1967,352,6.4,44.8,Africa,2662190,1206.043465
Sierra Leone,1972,323,6.55,46.5,Africa,2879013,1353.759762
Sierra Leone,1977,299,6.64,47.9,Africa,3140897,1348.285159
Sierra Leone,1982,279,6.72,48.7,Africa,3464522,1465.010784
Sierra Leone,1987,267,6.73,50,Africa,3868905,1294.447788
Sierra Leone,1992,261,6.7,51.3,Africa,4260884,1068.696278
Sierra Leone,1997,248,6.51,51.5,Africa,4578212,574.6481576
Sierra Leone,2002,223,6.16,52.4,Africa,5359092,699.489713
Sierra Leone,2007,189,5.62,54.1,Africa,6144562,862.5407561
El Salvador,1952,211,6.3,46.4,Americas,2042865,3048.3029
El Salvador,1957,198,6.59,50.3,Americas,2355805,3421.523218
El Salvador,1962,178,6.67,54.4,Americas,2747687,3776.803627
El Salvador,1967,160,6.42,58.3,Americas,3232927,4358.595393
El Salvador,1972,143,6,60,Americas,3790903,4520.246008
El Salvador,1977,122,5.49,63.6,Americas,4282586,5138.922374
El Salvador,1982,95.8,4.82,62,Americas,4474873,4098.344175
El Salvador,1987,71,4.22,67.5,Americas,4842194,4140.442097
El Salvador,1992,53.4,3.82,70.8,Americas,5274649,4444.2317
El Salvador,1997,39.4,3.38,72.1,Americas,5783439,5154.825496
El Salvador,2002,29.4,2.79,74.3,Americas,6353681,5351.568666
El Salvador,2007,22.4,2.41,74.1,Americas,6939688,5728.353514
Somalia,1952,305,7.25,44.3,Africa,2526994,1135.749842
Somalia,1957,284,7.25,44.7,Africa,2780415,1258.147413
Somalia,1962,265,7.26,45.3,Africa,3080153,1369.488336
Somalia,1967,247,7.25,46,Africa,3428839,1284.73318
Somalia,1972,230,7.12,47.5,Africa,3840161,1254.576127
Somalia,1977,214,7.01,48.8,Africa,4353666,1450.992513
Somalia,1982,199,7.05,48.8,Africa,5828892,1176.807031
Somalia,1987,187,7.24,49.1,Africa,6921858,1093.244963
Somalia,1992,174,7.51,49.1,Africa,6099799,926.9602964
Somalia,1997,172,7.69,50.1,Africa,6633514,930.5964284
Somalia,2002,172,7.51,52.2,Africa,7753310,882.0818218
Somalia,2007,170,7.14,53.9,Africa,9118773,926.1410683
Serbia,1952,137,3.29,57.9,Europe,6860147,3581.459448
Serbia,1957,119,2.63,61,Europe,7271135,4981.090891
Serbia,1962,100,2.48,63.9,Europe,7616060,6289.629157
Serbia,1967,78.3,2.44,66,Europe,7971222,7991.707066
Serbia,1972,58.5,2.37,67.2,Europe,8313288,10522.06749
Serbia,1977,46.1,2.37,69.5,Europe,8686367,12980.66956
Serbia,1982,44.9,2.33,69.6,Europe,9032824,15181.0927
Serbia,1987,36.2,2.24,69.8,Europe,9230783,15870.87851
Serbia,1992,24.3,2,71.1,Europe,9826397,9325.068238
Serbia,1997,15.4,1.84,70.2,Europe,10336594,7914.320304
Serbia,2002,11.4,1.72,72.2,Europe,10111559,7236.075251
Serbia,2007,8.12,1.6,73.2,Europe,10150265,9786.534714
Sao Tome and Principe,1952,228,6.2,40.9,Africa,60011,879.5835855
Sao Tome and Principe,1957,182,6.2,39.6,Africa,61325,860.7369026
Sao Tome and Principe,1962,116,6.28,49,Africa,65345,1071.551119
Sao Tome and Principe,1967,91,6.39,54.6,Africa,70787,1384.840593
Sao Tome and Principe,1972,86.7,6.51,58.7,Africa,76595,1532.985254
Sao Tome and Principe,1977,89.3,6.5,61.8,Africa,86796,1737.561657
Sao Tome and Principe,1982,93.7,6.28,61.7,Africa,98593,1890.218117
Sao Tome and Principe,1987,104,5.99,63.2,Africa,110812,1516.525457
Sao Tome and Principe,1992,109,5.71,63.8,Africa,125911,1428.777814
Sao Tome and Principe,1997,97.9,5.44,64.1,Africa,145608,1339.076036
Sao Tome and Principe,2002,75.1,5.17,65.9,Africa,170372,1353.09239
Sao Tome and Principe,2007,54.5,4.93,67.6,Africa,199579,1598.435089
Slovak Republic,1952,103,3.53,64.2,Europe,3558137,5074.659104
Slovak Republic,1957,65.1,3.27,67.7,Europe,3844277,6093.26298
Slovak Republic,1962,35.9,2.94,70.6,Europe,4237384,7481.107598
Slovak Republic,1967,35.2,2.58,71.1,Europe,4442238,8412.902397
Slovak Republic,1972,35,2.5,70.5,Europe,4593433,9674.167626
Slovak Republic,1977,29.5,2.47,70.6,Europe,4827803,10922.66404
Slovak Republic,1982,20.7,2.3,71,Europe,5048043,11348.54585
Slovak Republic,1987,16.7,2.17,71.2,Europe,5199318,12037.26758
Slovak Republic,1992,13.5,1.89,71.7,Europe,5302888,9498.467723
Slovak Republic,1997,11,1.45,73,Europe,5383010,12126.23065
Slovak Republic,2002,9.1,1.23,74.1,Europe,5410052,13638.77837
Slovak Republic,2007,7.68,1.29,74.7,Europe,5447502,18678.31435
Slovenia,1952,33.2,2.67,60.2,Europe,1489518,4215.041741
Slovenia,1957,26.4,2.39,63.2,Europe,1533070,5862.276629
Slovenia,1962,23,2.33,65.9,Europe,1582962,7402.303395
Slovenia,1967,22.5,2.27,68.5,Europe,1646912,9405.489397
Slovenia,1972,21.2,2.21,68.9,Europe,1694510,12383.4862
Slovenia,1977,18.9,2.17,70.6,Europe,1746919,15277.03017
Slovenia,1982,17.1,1.96,71.2,Europe,1861252,17866.72175
Slovenia,1987,12.6,1.67,72.9,Europe,1945870,18678.53492
Slovenia,1992,9.07,1.37,74.5,Europe,1999210,14214.71681
Slovenia,1997,6.56,1.24,75.3,Europe,2011612,17161.10735
Slovenia,2002,4.94,1.22,76.8,Europe,2011497,20660.01936
Slovenia,2007,3.78,1.4,78.6,Europe,2009245,25768.25759
Sweden,1952,24.3,2.24,72,Europe,7124673,8527.844662
Sweden,1957,20.6,2.3,72.9,Europe,7363802,9911.878226
Sweden,1962,18.6,2.26,73.7,Europe,7561588,12329.44192
Sweden,1967,14.9,2.27,74.4,Europe,7867931,15258.29697
Sweden,1972,12.3,1.91,75,Europe,8122293,17832.02464
Sweden,1977,9.39,1.65,75.6,Europe,8251648,18855.72521
Sweden,1982,7.99,1.63,76.6,Europe,8325260,20667.38125
Sweden,1987,7.43,1.84,77.3,Europe,8421403,23586.92927
Sweden,1992,6.18,2.08,78.3,Europe,8718867,23880.01683
Sweden,1997,4.34,1.53,79.5,Europe,8897619,25266.59499
Sweden,2002,3.99,1.67,80.3,Europe,8954175,29341.63093
Sweden,2007,3.32,1.89,81.3,Europe,9031088,33859.74835
Syria,1952,259,7.21,55.5,Asia,3661549,1643.485354
Syria,1957,202,7.37,59.5,Asia,4149908,2117.234893
Syria,1962,155,7.52,62.6,Asia,4834621,2193.037133
Syria,1967,121,7.57,64.8,Asia,5680812,1881.923632
Syria,1972,92.8,7.56,67.8,Asia,6701172,2571.423014
Syria,1977,71.2,7.36,70.3,Asia,7932503,3195.484582
Syria,1982,54.7,6.84,66.1,Asia,9410494,3761.837715
Syria,1987,42.8,5.96,69.2,Asia,11242847,3116.774285
Syria,1992,34.1,4.92,68.6,Asia,13219062,3340.542768
Syria,1997,27,4.32,70.4,Asia,15081016,4014.238972
Syria,2002,21.4,3.84,72.8,Asia,17155814,4090.925331
Syria,2007,17.3,3.39,74.6,Asia,19314747,4184.548089
Chad,1952,316,6.09,45.5,Africa,2682462,1178.665927
Chad,1957,301,6.19,46.7,Africa,2894855,1308.495577
Chad,1962,287,6.29,47.9,Africa,3150417,1389.817618
Chad,1967,272,6.39,47.9,Africa,3495967,1196.810565
Chad,1972,250,6.64,49,Africa,3899068,1104.103987
Chad,1977,244,6.86,50.3,Africa,4388260,1133.98495
Chad,1982,235,7.02,50.7,Africa,4875118,797.9081006
Chad,1987,221,7.2,51,Africa,5498955,952.386129
Chad,1992,207,7.38,53.5,Africa,6429417,1058.0643
Chad,1997,195,7.42,52.8,Africa,7562011,1004.961353
Chad,2002,179,7.27,52.6,Africa,8835739,1156.18186
Chad,2007,162,6.9,54.8,Africa,10238807,1704.063724
Togo,1952,307,6.33,45.2,Africa,1219113,859.8086567
Togo,1957,284,6.4,46.5,Africa,1357445,925.9083202
Togo,1962,261,6.62,47.5,Africa,1528098,1067.53481
Togo,1967,238,6.91,49.9,Africa,1735550,1477.59676
Togo,1972,214,7.18,52.4,Africa,2056351,1649.660188
Togo,1977,190,7.28,54.4,Africa,2308582,1532.776998
Togo,1982,169,7.1,56.4,Africa,2644765,1344.577953
Togo,1987,152,6.67,57.4,Africa,3154264,1202.201361
Togo,1992,141,6.08,58.1,Africa,3747553,1034.298904
Togo,1997,129,5.59,56.7,Africa,4320890,982.2869243
Togo,2002,113,5.32,56.3,Africa,4977378,886.2205765
Togo,2007,98,5.06,57.8,Africa,5701579,882.9699438
Thailand,1952,193,6.14,55.6,Asia,21289402,757.7974177
Thailand,1957,163,6.14,59.1,Asia,25041917,793.5774148
Thailand,1962,136,6.16,61.9,Asia,29263397,1002.199172
Thailand,1967,112,6.01,63.1,Asia,34024249,1295.46066
Thailand,1972,89.5,5.18,64.2,Asia,39276153,1524.358936
Thailand,1977,70,4.03,66.5,Asia,44148285,1961.224635
Thailand,1982,55.2,3.02,67.3,Asia,48827160,2393.219781
Thailand,1987,43.2,2.35,70.8,Asia,52910342,2982.653773
Thailand,1992,33.1,2,71.3,Asia,56667095,4616.896545
Thailand,1997,25.5,1.78,71.7,Asia,60216677,5852.625497
Thailand,2002,19.8,1.62,73.1,Asia,62806748,5913.187529
Thailand,2007,15.4,1.56,76,Asia,65068149,7458.396327
Trinidad and Tobago,1952,88.9,5.29,58.6,Americas,662850,3023.271928
Trinidad and Tobago,1957,75.1,5.34,62,Americas,764900,4100.3934
Trinidad and Tobago,1962,62.9,5.05,64.8,Americas,887498,4997.523971
Trinidad and Tobago,1967,54.8,3.99,65.6,Americas,960155,5621.368472
Trinidad and Tobago,1972,49.4,3.43,65.5,Americas,975199,6619.551419
Trinidad and Tobago,1977,43.4,3.27,66.5,Americas,1039009,7899.554209
Trinidad and Tobago,1982,37,3.26,67.7,Americas,1116479,9119.528607
Trinidad and Tobago,1987,32.3,2.83,68.9,Americas,1191336,7388.597823
Trinidad and Tobago,1992,29.6,2.23,69.7,Americas,1183669,7370.990932
Trinidad and Tobago,1997,28.8,1.84,70.2,Americas,1138101,8792.573126
Trinidad and Tobago,2002,28.4,1.74,71.2,Americas,1101832,11460.60023
Trinidad and Tobago,2007,25.5,1.79,72.8,Americas,1056608,18008.50924
Tunisia,1952,319,6.68,44.6,Africa,3647735,1468.475631
Tunisia,1957,304,6.85,47,Africa,3950849,1395.232468
Tunisia,1962,273,6.99,50.7,Africa,4286552,1660.30321
Tunisia,1967,212,6.94,54.3,Africa,4786986,1932.360167
Tunisia,1972,161,6.47,58.7,Africa,5303507,2753.285994
Tunisia,1977,117,5.73,64.3,Africa,6005061,3120.876811
Tunisia,1982,84.6,4.92,67.8,Africa,6734098,3560.233174
Tunisia,1987,63.8,4.07,71.2,Africa,7724976,3810.419296
Tunisia,1992,50.6,3.09,72.5,Africa,8523077,4332.720164
Tunisia,1997,37.4,2.38,73.5,Africa,9231669,4876.798614
Tunisia,2002,26.2,2.05,74.7,Africa,9770575,5722.895655
Tunisia,2007,20.2,2.02,75.7,Africa,10276158,7092.923025
Turkey,1952,300,6.67,46.2,Europe,22235677,1969.10098
Turkey,1957,278,6.51,47.9,Europe,25670939,2218.754257
Turkey,1962,243,6.24,51,Europe,29788695,2322.869908
Turkey,1967,206,5.86,55,Europe,33411317,2826.356387
Turkey,1972,177,5.43,58.7,Europe,37492953,3450.69638
Turkey,1977,147,4.79,62.3,Europe,42404033,4269.122326
Turkey,1982,116,4.16,65.2,Europe,47328791,4241.356344
Turkey,1987,88,3.46,67.6,Europe,52881328,5089.043686
Turkey,1992,65.6,2.94,69.6,Europe,58179144,5678.348271
Turkey,1997,47.5,2.66,72,Europe,63047647,6601.429915
Turkey,2002,32.3,2.4,75.2,Europe,67308928,6508.085718
Turkey,2007,21.6,2.21,77.1,Europe,71158647,8458.276384
Taiwan,1952,132,6.38,61.1,Asia,8550362,1206.947913
Taiwan,1957,103,6.33,62.1,Asia,10164215,1507.86129
Taiwan,1962,69.6,5.44,65.9,Asia,11918938,1822.879028
Taiwan,1967,38.6,4.6,68.2,Asia,13648692,2643.858681
Taiwan,1972,22.1,3.59,70.2,Asia,15226039,4062.523897
Taiwan,1977,16.6,2.9,71.6,Asia,16785196,5596.519826
Taiwan,1982,12.8,2.32,72.9,Asia,18501390,7426.354774
Taiwan,1987,8.52,1.7,74.3,Asia,19757799,11054.56175
Taiwan,1992,8.25,1.73,75.2,Asia,20686918,15215.6579
Taiwan,1997,9,1.77,76,Asia,21628605,20206.82098
Taiwan,2002,7.66,1.34,77.7,Asia,22454239,23235.42329
Taiwan,2007,6.61,1.1,78.8,Asia,23174294,28718.27684
Tanzania,1952,258,6.73,44.3,Africa,8322925,716.6500721
Tanzania,1957,248,6.8,44.9,Africa,9452826,698.5356073
Tanzania,1962,239,6.8,45.7,Africa,10863958,722.0038073
Tanzania,1967,225,6.79,47.3,Africa,12607312,848.2186575
Tanzania,1972,208,6.76,50.8,Africa,14706593,915.9850592
Tanzania,1977,187,6.73,53.9,Africa,17129565,962.4922932
Tanzania,1982,177,6.58,56,Africa,19844382,874.2426069
Tanzania,1987,173,6.38,56.4,Africa,23040630,831.8220794
Tanzania,1992,162,6.08,54.1,Africa,26605473,825.682454
Tanzania,1997,149,5.78,52.6,Africa,30686889,789.1862231
Tanzania,2002,114,5.67,54.6,Africa,34593779,899.0742111
Tanzania,2007,84.4,5.58,58.5,Africa,38139640,1107.482182
Uganda,1952,262,6.9,47.2,Africa,5824797,734.753484
Uganda,1957,236,6.94,48.2,Africa,6675501,774.3710692
Uganda,1962,215,7.04,49.3,Africa,7688797,767.2717398
Uganda,1967,197,7.11,50.6,Africa,8900294,908.9185217
Uganda,1972,191,7.11,52.2,Africa,10190285,950.735869
Uganda,1977,208,7.1,53.1,Africa,11457758,843.7331372
Uganda,1982,210,7.1,51,Africa,12939400,682.2662268
Uganda,1987,192,7.1,50.3,Africa,15283050,617.7244065
Uganda,1992,177,7.07,47.9,Africa,18252190,644.1707969
Uganda,1997,162,6.97,48.4,Africa,21210254,816.559081
Uganda,2002,133,6.77,51,Africa,24739869,927.7210018
Uganda,2007,94.9,6.42,56.5,Africa,29170398,1056.380121
Uruguay,1952,60.1,2.72,66.6,Americas,2252965,5716.766744
Uruguay,1957,63.4,2.83,67.8,Americas,2424959,6150.772969
Uruguay,1962,60.6,2.88,69,Americas,2598466,5603.357717
Uruguay,1967,56.9,2.83,68,Americas,2748579,5444.61962
Uruguay,1972,53.3,2.97,68.3,Americas,2829526,5703.408898
Uruguay,1977,52,2.91,69.5,Americas,2873520,6504.339663
Uruguay,1982,32.9,2.62,72,Americas,2953997,6920.223051
Uruguay,1987,26.2,2.52,72.5,Americas,3045153,7452.398969
Uruguay,1992,21.7,2.49,73.5,Americas,3149262,8137.004775
Uruguay,1997,19.1,2.33,74.1,Americas,3262838,9230.240708
Uruguay,2002,16.1,2.21,75,Americas,3363085,7727.002004
Uruguay,2007,12.7,2.13,75.7,Americas,3447496,10611.46299
United States,1952,35.6,3.3,68.6,Americas,157553000,13990.48208
United States,1957,31.7,3.74,69.7,Americas,171984000,14847.12712
United States,1962,28.9,3.48,70.3,Americas,186538000,16173.14586
United States,1967,25.7,2.56,70.5,Americas,198712000,19530.36557
United States,1972,21.5,2.01,71.4,Americas,209896000,21806.03594
United States,1977,17.1,1.78,73.4,Americas,220239000,24072.63213
United States,1982,13.9,1.81,74.6,Americas,232187835,25009.55914
United States,1987,12.2,1.87,75.1,Americas,242803533,29884.35041
United States,1992,10.5,2.04,76,Americas,256894189,32003.93224
United States,1997,8.94,1.97,76.8,Americas,272911760,35767.43303
United States,2002,8.23,2.02,77.2,Americas,287675526,39097.09955
United States,2007,7.75,2.12,78.2,Americas,301139947,42951.65309
Venezuela,1952,111,6.46,59.5,Americas,5439568,7689.799761
Venezuela,1957,89.1,6.48,61.4,Americas,6702668,9802.466526
Venezuela,1962,74.4,6.63,66.1,Americas,8143375,8422.974165
Venezuela,1967,66.9,6.01,66.5,Americas,9709552,9541.474188
Venezuela,1972,58.6,5.05,66.4,Americas,11515649,10505.25966
Venezuela,1977,49.8,4.48,68.7,Americas,13503563,13143.95095
Venezuela,1982,40.3,4.01,70.3,Americas,15620766,11152.41011
Venezuela,1987,33.4,3.67,72.1,Americas,17910182,9883.584648
Venezuela,1992,27.8,3.29,72.9,Americas,20265563,10733.92631
Venezuela,1997,24.5,2.97,74.1,Americas,22374398,10165.49518
Venezuela,2002,20.3,2.74,74,Americas,24287670,8605.047831
Venezuela,2007,17.4,2.56,74.6,Americas,26084662,11415.80569
Vietnam,1952,142,5.31,53,Asia,26246839,605.0664917
Vietnam,1957,115,6.12,57.2,Asia,28998543,676.2854478
Vietnam,1962,92.8,6.43,58.4,Asia,33796140,772.0491602
Vietnam,1967,83.6,6.49,57.9,Asia,39463910,637.1232887
Vietnam,1972,79.9,6.35,52.8,Asia,44655014,699.5016441
Vietnam,1977,73.2,5.61,65.3,Asia,50533506,713.5371196
Vietnam,1982,65.3,4.69,66.9,Asia,56142181,707.2357863
Vietnam,1987,58,3.93,68.4,Asia,62826491,820.7994449
Vietnam,1992,46.4,3.26,69.8,Asia,69940728,989.0231487
Vietnam,1997,34.9,2.36,71.3,Asia,76048996,1385.896769
Vietnam,2002,27.5,1.92,72.5,Asia,80908147,1764.456677
Vietnam,2007,24.1,1.91,72.9,Asia,85262356,2441.576404
South Africa,1952,233,6.31,52.4,Africa,14264935,4725.295531
South Africa,1957,204,6.22,53.5,Africa,16151549,5487.104219
South Africa,1962,184,6.08,54.4,Africa,18356657,5768.729717
South Africa,1967,165,5.81,55.8,Africa,20997321,7114.477971
South Africa,1972,140,5.54,57.3,Africa,23935810,7765.962636
South Africa,1977,108,5.11,58.8,Africa,27129932,8028.651439
South Africa,1982,83,4.65,60.2,Africa,31140029,8568.266228
South Africa,1987,65.9,4.06,62.8,Africa,35933379,7825.823398
South Africa,1992,57.1,3.41,63.6,Africa,39964159,7225.069258
South Africa,1997,65.7,2.97,59.5,Africa,42835005,7479.188244
South Africa,2002,77.4,2.76,53.7,Africa,44433622,7710.946444
South Africa,2007,71,2.64,53.2,Africa,43997828,9269.657808
Zambia,1952,240,6.7,47.4,Africa,2672000,1147.388831
Zambia,1957,219,6.92,48.7,Africa,3016000,1311.956766
Zambia,1962,198,7.21,50.1,Africa,3421000,1452.725766
Zambia,1967,188,7.32,52.3,Africa,3900000,1777.077318
Zambia,1972,170,7.39,54.3,Africa,4506497,1773.498265
Zambia,1977,154,7.28,55.5,Africa,5216550,1588.688299
Zambia,1982,158,6.95,55.6,Africa,6100407,1408.678565
Zambia,1987,178,6.62,54.2,Africa,7272406,1213.315116
Zambia,1992,187,6.33,49.6,Africa,8381163,1210.884633
Zambia,1997,175,6.12,45.7,Africa,9417789,1071.353818
Zambia,2002,142,5.96,45.9,Africa,10595811,1071.613938
Zambia,2007,95.4,5.64,51.9,Africa,11746035,1271.211593
Zimbabwe,1952,183,6.78,54.1,Africa,3080907,406.8841148
Zimbabwe,1957,163,6.98,55,Africa,3646340,518.7642681
Zimbabwe,1962,142,7.27,56,Africa,4277736,527.2721818
Zimbabwe,1967,122,7.4,57.1,Africa,4995432,569.7950712
Zimbabwe,1972,113,7.42,58.7,Africa,5861135,799.3621758
Zimbabwe,1977,112,7.33,58.5,Africa,6642107,685.5876821
Zimbabwe,1982,97.8,6.81,61.5,Africa,7636524,788.8550411
Zimbabwe,1987,77.2,5.78,63.6,Africa,9216418,706.1573059
Zimbabwe,1992,88.2,4.84,59.8,Africa,10704340,693.4207856
Zimbabwe,1997,106,4.24,51.2,Africa,11404948,792.4499603
Zimbabwe,2002,103,4,46.6,Africa,11926563,672.0386227
Zimbabwe,2007,100,4,48.2,Africa,12311143,469.7092981
